[
{
    "model": "sessions.session",
    "pk": "gjxdzvh9muejze1022917d04dlk2sko7",
    "fields": {
        "session_data": "YzRiZjZhYjE1ZDBkOTMwMTRiY2IxMWI4OTU4NWYyZTM2OThhNzY3Zjp7Il9hdXRoX3VzZXJfaWQiOiIxIiwiX2F1dGhfdXNlcl9iYWNrZW5kIjoiZGphbmdvLmNvbnRyaWIuYXV0aC5iYWNrZW5kcy5Nb2RlbEJhY2tlbmQiLCJfYXV0aF91c2VyX2hhc2giOiJkMWEyNGFkNTcxNGU3ZjkwZjI1OGVkNjdkZWIwOTIwNWZmNjFhMWZmIn0=",
        "expire_date": "2018-04-17T16:13:48.207Z"
    }
},
{
    "model": "sessions.session",
    "pk": "k8l7jp7xe23iycp6cj7pvcmkzsl7qw4y",
    "fields": {
        "session_data": "YzRiZjZhYjE1ZDBkOTMwMTRiY2IxMWI4OTU4NWYyZTM2OThhNzY3Zjp7Il9hdXRoX3VzZXJfaWQiOiIxIiwiX2F1dGhfdXNlcl9iYWNrZW5kIjoiZGphbmdvLmNvbnRyaWIuYXV0aC5iYWNrZW5kcy5Nb2RlbEJhY2tlbmQiLCJfYXV0aF91c2VyX2hhc2giOiJkMWEyNGFkNTcxNGU3ZjkwZjI1OGVkNjdkZWIwOTIwNWZmNjFhMWZmIn0=",
        "expire_date": "2018-04-04T03:54:00.505Z"
    }
},
{
    "model": "sessions.session",
    "pk": "lvfmlla7k616v3hm55es1qwwgcmilwcn",
    "fields": {
        "session_data": "YzRiZjZhYjE1ZDBkOTMwMTRiY2IxMWI4OTU4NWYyZTM2OThhNzY3Zjp7Il9hdXRoX3VzZXJfaWQiOiIxIiwiX2F1dGhfdXNlcl9iYWNrZW5kIjoiZGphbmdvLmNvbnRyaWIuYXV0aC5iYWNrZW5kcy5Nb2RlbEJhY2tlbmQiLCJfYXV0aF91c2VyX2hhc2giOiJkMWEyNGFkNTcxNGU3ZjkwZjI1OGVkNjdkZWIwOTIwNWZmNjFhMWZmIn0=",
        "expire_date": "2018-04-08T15:00:04.537Z"
    }
},
{
    "model": "sessions.session",
    "pk": "wgx15tjq8bo5o925wfkesfvtyasy4tu2",
    "fields": {
        "session_data": "YzRiZjZhYjE1ZDBkOTMwMTRiY2IxMWI4OTU4NWYyZTM2OThhNzY3Zjp7Il9hdXRoX3VzZXJfaWQiOiIxIiwiX2F1dGhfdXNlcl9iYWNrZW5kIjoiZGphbmdvLmNvbnRyaWIuYXV0aC5iYWNrZW5kcy5Nb2RlbEJhY2tlbmQiLCJfYXV0aF91c2VyX2hhc2giOiJkMWEyNGFkNTcxNGU3ZjkwZjI1OGVkNjdkZWIwOTIwNWZmNjFhMWZmIn0=",
        "expire_date": "2018-04-23T10:52:46.154Z"
    }
},
{
    "model": "sessions.session",
    "pk": "wqs1k7ilbi1s1es2jese40kik9o4wpkg",
    "fields": {
        "session_data": "YzRiZjZhYjE1ZDBkOTMwMTRiY2IxMWI4OTU4NWYyZTM2OThhNzY3Zjp7Il9hdXRoX3VzZXJfaWQiOiIxIiwiX2F1dGhfdXNlcl9iYWNrZW5kIjoiZGphbmdvLmNvbnRyaWIuYXV0aC5iYWNrZW5kcy5Nb2RlbEJhY2tlbmQiLCJfYXV0aF91c2VyX2hhc2giOiJkMWEyNGFkNTcxNGU3ZjkwZjI1OGVkNjdkZWIwOTIwNWZmNjFhMWZmIn0=",
        "expire_date": "2018-04-11T09:29:01.719Z"
    }
},
{
    "model": "sessions.session",
    "pk": "xdyp44oa3ecfhwjv2uw96ctno9ux5hlk",
    "fields": {
        "session_data": "YzRiZjZhYjE1ZDBkOTMwMTRiY2IxMWI4OTU4NWYyZTM2OThhNzY3Zjp7Il9hdXRoX3VzZXJfaWQiOiIxIiwiX2F1dGhfdXNlcl9iYWNrZW5kIjoiZGphbmdvLmNvbnRyaWIuYXV0aC5iYWNrZW5kcy5Nb2RlbEJhY2tlbmQiLCJfYXV0aF91c2VyX2hhc2giOiJkMWEyNGFkNTcxNGU3ZjkwZjI1OGVkNjdkZWIwOTIwNWZmNjFhMWZmIn0=",
        "expire_date": "2018-05-13T13:24:36.707Z"
    }
},
{
    "model": "sessions.session",
    "pk": "y9jypk66hck9gqu4q13u16afkrd2b0yh",
    "fields": {
        "session_data": "YzRiZjZhYjE1ZDBkOTMwMTRiY2IxMWI4OTU4NWYyZTM2OThhNzY3Zjp7Il9hdXRoX3VzZXJfaWQiOiIxIiwiX2F1dGhfdXNlcl9iYWNrZW5kIjoiZGphbmdvLmNvbnRyaWIuYXV0aC5iYWNrZW5kcy5Nb2RlbEJhY2tlbmQiLCJfYXV0aF91c2VyX2hhc2giOiJkMWEyNGFkNTcxNGU3ZjkwZjI1OGVkNjdkZWIwOTIwNWZmNjFhMWZmIn0=",
        "expire_date": "2018-02-26T04:40:19.666Z"
    }
},
{
    "model": "api.user",
    "fields": {
        "password": "pbkdf2_sha256$100000$VmV4S1Ku7mos$t0MUJELMq0QVkiNbW5/uzdzGXyxRAI7yl6oHwgWlXyc=",
        "last_login": "2018-04-29T13:24:36.687Z",
        "is_superuser": true,
        "first_name": "",
        "last_name": "",
        "is_staff": true,
        "is_active": true,
        "date_joined": "2018-02-12T04:39:46.926Z",
        "email": "a@b.com",
        "username": "admin",
        "role": "",
        "phone_number": "",
        "groups": [],
        "user_permissions": []
    }
},
{
    "model": "api.user",
    "fields": {
        "password": "",
        "last_login": null,
        "is_superuser": false,
        "first_name": "",
        "last_name": "",
        "is_staff": false,
        "is_active": true,
        "date_joined": "2018-03-21T03:58:11.534Z",
        "email": "a@bb.com",
        "username": null,
        "role": "customer",
        "phone_number": "+2349020277797",
        "groups": [],
        "user_permissions": []
    }
},
{
    "model": "api.user",
    "fields": {
        "password": "",
        "last_login": null,
        "is_superuser": false,
        "first_name": "jvkjv",
        "last_name": "cccc",
        "is_staff": false,
        "is_active": true,
        "date_joined": "2018-03-24T22:47:02.574Z",
        "email": "dffff@x.com",
        "username": null,
        "role": "customer",
        "phone_number": "8",
        "groups": [],
        "user_permissions": []
    }
},
{
    "model": "api.user",
    "fields": {
        "password": "",
        "last_login": null,
        "is_superuser": false,
        "first_name": "vbbbb",
        "last_name": "ggvvvv",
        "is_staff": false,
        "is_active": true,
        "date_joined": "2018-03-24T22:58:34.804Z",
        "email": "gvvvv@d.com",
        "username": null,
        "role": "customer",
        "phone_number": "5",
        "groups": [],
        "user_permissions": []
    }
},
{
    "model": "api.user",
    "fields": {
        "password": "",
        "last_login": null,
        "is_superuser": false,
        "first_name": "hssbb",
        "last_name": "bsbbsb",
        "is_staff": false,
        "is_active": true,
        "date_joined": "2018-03-24T23:05:32.041Z",
        "email": "yhahh@ysvsb.com",
        "username": null,
        "role": "customer",
        "phone_number": "9",
        "groups": [],
        "user_permissions": []
    }
},
{
    "model": "api.user",
    "fields": {
        "password": "olaol",
        "last_login": null,
        "is_superuser": false,
        "first_name": "Danny",
        "last_name": "Young",
        "is_staff": false,
        "is_active": true,
        "date_joined": "2018-03-25T15:03:05Z",
        "email": "danny@we.com",
        "username": "dyoung",
        "role": "Provider",
        "phone_number": "098828383883",
        "groups": [],
        "user_permissions": []
    }
},
{
    "model": "api.user",
    "fields": {
        "password": "olaola",
        "last_login": null,
        "is_superuser": false,
        "first_name": "Ola",
        "last_name": "Solomon",
        "is_staff": false,
        "is_active": true,
        "date_joined": "2018-03-25T15:03:46Z",
        "email": "osolo@yahoo.com",
        "username": "osolo",
        "role": "Provider",
        "phone_number": "0907727272727",
        "groups": [],
        "user_permissions": []
    }
},
{
    "model": "api.user",
    "fields": {
        "password": "solomon1",
        "last_login": null,
        "is_superuser": false,
        "first_name": "Kanisha",
        "last_name": "Dyer",
        "is_staff": false,
        "is_active": true,
        "date_joined": "2018-03-25T15:17:08.516Z",
        "email": "zapateo1944@yandex.com",
        "username": "ClaudiusNone-1850",
        "role": "provider",
        "phone_number": "818-456-0996",
        "groups": [],
        "user_permissions": []
    }
},
{
    "model": "api.user",
    "fields": {
        "password": "solomon1",
        "last_login": null,
        "is_superuser": false,
        "first_name": "Edwin",
        "last_name": "Daugherty",
        "is_staff": false,
        "is_active": true,
        "date_joined": "2018-03-25T15:17:08.555Z",
        "email": "chakras1934@outlook.com",
        "username": "Barnacle1949",
        "role": "provider",
        "phone_number": "781-439-0030",
        "groups": [],
        "user_permissions": []
    }
},
{
    "model": "api.user",
    "fields": {
        "password": "solomon1",
        "last_login": null,
        "is_superuser": false,
        "first_name": "Ty",
        "last_name": "Langley",
        "is_staff": false,
        "is_active": true,
        "date_joined": "2018-03-25T15:17:08.577Z",
        "email": "erastus1817@outlook.com",
        "username": "tressed-1907",
        "role": "provider",
        "phone_number": "562.775.2395",
        "groups": [],
        "user_permissions": []
    }
},
{
    "model": "api.user",
    "fields": {
        "password": "solomon1",
        "last_login": null,
        "is_superuser": false,
        "first_name": "Leonia",
        "last_name": "Lang",
        "is_staff": false,
        "is_active": true,
        "date_joined": "2018-03-25T15:17:08.616Z",
        "email": "weasel1859@gmail.com",
        "username": "castles-1987",
        "role": "provider",
        "phone_number": "030.734.2334",
        "groups": [],
        "user_permissions": []
    }
},
{
    "model": "api.user",
    "fields": {
        "password": "solomon1",
        "last_login": null,
        "is_superuser": false,
        "first_name": "Kenneth",
        "last_name": "Murray",
        "is_staff": false,
        "is_active": true,
        "date_joined": "2018-03-25T15:17:08.671Z",
        "email": "stingray1803@live.com",
        "username": "BigmanNone.2037",
        "role": "provider",
        "phone_number": "567-208-1292",
        "groups": [],
        "user_permissions": []
    }
},
{
    "model": "api.user",
    "fields": {
        "password": "solomon1",
        "last_login": null,
        "is_superuser": false,
        "first_name": "Gabriel",
        "last_name": "Delgado",
        "is_staff": false,
        "is_active": true,
        "date_joined": "2018-03-25T15:17:08.717Z",
        "email": "enshroud2054@gmail.com",
        "username": "crabber1889",
        "role": "provider",
        "phone_number": "1-269-254-5902",
        "groups": [],
        "user_permissions": []
    }
},
{
    "model": "api.user",
    "fields": {
        "password": "solomon1",
        "last_login": null,
        "is_superuser": false,
        "first_name": "Kip",
        "last_name": "Dean",
        "is_staff": false,
        "is_active": true,
        "date_joined": "2018-03-25T15:17:08.761Z",
        "email": "dorelia1824@yahoo.com",
        "username": "BookingNone-1967",
        "role": "provider",
        "phone_number": "799-590-1270",
        "groups": [],
        "user_permissions": []
    }
},
{
    "model": "api.user",
    "fields": {
        "password": "solomon1",
        "last_login": null,
        "is_superuser": false,
        "first_name": "Lizzette",
        "last_name": "Hale",
        "is_staff": false,
        "is_active": true,
        "date_joined": "2018-03-25T15:17:08.804Z",
        "email": "tetra2037@gmail.com",
        "username": "transistors-1962",
        "role": "provider",
        "phone_number": "(768) 878-4725",
        "groups": [],
        "user_permissions": []
    }
},
{
    "model": "api.user",
    "fields": {
        "password": "solomon1",
        "last_login": null,
        "is_superuser": false,
        "first_name": "Reena",
        "last_name": "Montoya",
        "is_staff": false,
        "is_active": true,
        "date_joined": "2018-03-25T15:17:08.860Z",
        "email": "gooses2017@gmail.com",
        "username": "Fagottino1956",
        "role": "provider",
        "phone_number": "566-713-6908",
        "groups": [],
        "user_permissions": []
    }
},
{
    "model": "api.user",
    "fields": {
        "password": "solomon1",
        "last_login": null,
        "is_superuser": false,
        "first_name": "Shandra",
        "last_name": "Holloway",
        "is_staff": false,
        "is_active": true,
        "date_joined": "2018-03-25T15:17:08.902Z",
        "email": "crustacean2061@live.com",
        "username": "BroguesNone-1900",
        "role": "provider",
        "phone_number": "+1-(077)-179-5001",
        "groups": [],
        "user_permissions": []
    }
},
{
    "model": "api.user",
    "fields": {
        "password": "solomon1",
        "last_login": null,
        "is_superuser": false,
        "first_name": "Vince",
        "last_name": "Hudson",
        "is_staff": false,
        "is_active": true,
        "date_joined": "2018-03-25T15:17:08.947Z",
        "email": "drumlin2062@outlook.com",
        "username": "DivotsNone.1908",
        "role": "provider",
        "phone_number": "1-236-357-9601",
        "groups": [],
        "user_permissions": []
    }
},
{
    "model": "api.user",
    "fields": {
        "password": "solomon1",
        "last_login": null,
        "is_superuser": false,
        "first_name": "Deon",
        "last_name": "Marshall",
        "is_staff": false,
        "is_active": true,
        "date_joined": "2018-03-25T15:17:08.992Z",
        "email": "reindeer1855@outlook.com",
        "username": "EngraveNone-1993",
        "role": "provider",
        "phone_number": "656-632-1603",
        "groups": [],
        "user_permissions": []
    }
},
{
    "model": "api.user",
    "fields": {
        "password": "solomon1",
        "last_login": null,
        "is_superuser": false,
        "first_name": "Laverne",
        "last_name": "Mayer",
        "is_staff": false,
        "is_active": true,
        "date_joined": "2018-03-25T15:17:09.045Z",
        "email": "lymph1891@live.com",
        "username": "dolomites1817",
        "role": "provider",
        "phone_number": "838-244-7014",
        "groups": [],
        "user_permissions": []
    }
},
{
    "model": "api.user",
    "fields": {
        "password": "solomon1",
        "last_login": null,
        "is_superuser": false,
        "first_name": "Darrick",
        "last_name": "Buckley",
        "is_staff": false,
        "is_active": true,
        "date_joined": "2018-03-25T15:17:09.091Z",
        "email": "birretta1918@live.com",
        "username": "EpicalNone.1824",
        "role": "provider",
        "phone_number": "1-051-138-5402",
        "groups": [],
        "user_permissions": []
    }
},
{
    "model": "api.user",
    "fields": {
        "password": "solomon1",
        "last_login": null,
        "is_superuser": false,
        "first_name": "Pamula",
        "last_name": "Garcia",
        "is_staff": false,
        "is_active": true,
        "date_joined": "2018-03-25T15:17:09.157Z",
        "email": "eccentrics1957@outlook.com",
        "username": "ebenezer.2001",
        "role": "provider",
        "phone_number": "296-843-4640",
        "groups": [],
        "user_permissions": []
    }
},
{
    "model": "api.user",
    "fields": {
        "password": "",
        "last_login": null,
        "is_superuser": false,
        "first_name": "Obi",
        "last_name": "Uchenna",
        "is_staff": false,
        "is_active": true,
        "date_joined": "2018-04-24T08:47:51.292Z",
        "email": "daviduchenna@outlook.com",
        "username": null,
        "role": "customer",
        "phone_number": "0",
        "groups": [],
        "user_permissions": []
    }
},
{
    "model": "api.user",
    "fields": {
        "password": "",
        "last_login": null,
        "is_superuser": false,
        "first_name": "Azeez",
        "last_name": "Akinkunmi",
        "is_staff": false,
        "is_active": true,
        "date_joined": "2018-04-29T17:45:03.324Z",
        "email": "mrkhunmie@gmail.com",
        "username": null,
        "role": "customer",
        "phone_number": "+",
        "groups": [],
        "user_permissions": []
    }
},
{
    "model": "api.jobcategory",
    "pk": 1,
    "fields": {
        "name": "Porn/Games",
        "slug": "porngames",
        "parent_category": null,
        "description": "",
        "image": "https://source.unsplash.com/weekly?nature"
    }
},
{
    "model": "api.jobcategory",
    "pk": 2,
    "fields": {
        "name": "Games/Handheld",
        "slug": "gameshandheld",
        "parent_category": null,
        "description": "",
        "image": "https://source.unsplash.com/weekly?tech"
    }
},
{
    "model": "api.jobcategory",
    "pk": 3,
    "fields": {
        "name": "Porn/HDR - Movies",
        "slug": "pornhdr-movies",
        "parent_category": null,
        "description": "",
        "image": "https://source.unsplash.com/weekly?space"
    }
},
{
    "model": "api.jobcategory",
    "pk": 4,
    "fields": {
        "name": "Applications/Other OS",
        "slug": "applicationsother-os",
        "parent_category": null,
        "description": "",
        "image": "https://source.unsplash.com/weekly?girl"
    }
},
{
    "model": "api.jobcategory",
    "pk": 5,
    "fields": {
        "name": "Video/Music videos",
        "slug": "videomusic-videos",
        "parent_category": null,
        "description": "",
        "image": "https://source.unsplash.com/weekly?space"
    }
},
{
    "model": "api.jobcategory",
    "pk": 6,
    "fields": {
        "name": "Video/Handheld",
        "slug": "videohandheld",
        "parent_category": null,
        "description": "",
        "image": "https://source.unsplash.com/weekly?boy"
    }
},
{
    "model": "api.jobcategory",
    "pk": 7,
    "fields": {
        "name": "Games",
        "slug": "games",
        "parent_category": null,
        "description": "",
        "image": "https://source.unsplash.com/weekly?beauty"
    }
},
{
    "model": "api.jobcategory",
    "pk": 8,
    "fields": {
        "name": "Other/Covers",
        "slug": "othercovers",
        "parent_category": null,
        "description": "",
        "image": "https://source.unsplash.com/weekly?boy"
    }
},
{
    "model": "api.jobcategory",
    "pk": 9,
    "fields": {
        "name": "Games/PS4",
        "slug": "gamesps4",
        "parent_category": null,
        "description": "",
        "image": "https://source.unsplash.com/weekly?tech"
    }
},
{
    "model": "api.jobcategory",
    "pk": 10,
    "fields": {
        "name": "Games/PC",
        "slug": "gamespc",
        "parent_category": null,
        "description": "",
        "image": "https://source.unsplash.com/weekly?nature"
    }
},
{
    "model": "api.service",
    "pk": 1,
    "fields": {
        "slug": "charge-hand",
        "name": "Charge Hand",
        "image": "https://source.unsplash.com/weekly?tech",
        "category": 6,
        "description": "The Galactic Empire is nearing completion of the Death Star, a space station with the power to destroy entire planets."
    }
},
{
    "model": "api.service",
    "pk": 2,
    "fields": {
        "slug": "line-worker",
        "name": "Line Worker",
        "image": "https://source.unsplash.com/weekly?boy",
        "category": 7,
        "description": "The sequential subset of Erlang supports eager evaluation, single assignment, and dynamic typing."
    }
},
{
    "model": "api.service",
    "pk": 3,
    "fields": {
        "slug": "camera-repairer",
        "name": "Camera Repairer",
        "image": "https://source.unsplash.com/weekly?girl",
        "category": 5,
        "description": "Atoms can contain any character if they are enclosed within single quotes and an escape convention exists which allows any character to be used within an atom."
    }
},
{
    "model": "api.service",
    "pk": 4,
    "fields": {
        "slug": "word-processing-operator",
        "name": "Word Processing Operator",
        "image": "https://source.unsplash.com/weekly?tech",
        "category": 5,
        "description": "Haskell is a standardized, general-purpose purely functional programming language, with non-strict semantics and strong static typing."
    }
},
{
    "model": "api.service",
    "pk": 5,
    "fields": {
        "slug": "welder",
        "name": "Welder",
        "image": "https://source.unsplash.com/weekly?tech",
        "category": 8,
        "description": "The sequential subset of Erlang supports eager evaluation, single assignment, and dynamic typing."
    }
},
{
    "model": "api.service",
    "pk": 6,
    "fields": {
        "slug": "newsagent",
        "name": "Newsagent",
        "image": "https://source.unsplash.com/weekly?woman",
        "category": 1,
        "description": "Its main implementation is the Glasgow Haskell Compiler."
    }
},
{
    "model": "api.service",
    "pk": 7,
    "fields": {
        "slug": "wood-carver",
        "name": "Wood Carver",
        "image": "https://source.unsplash.com/weekly?boy",
        "category": 5,
        "description": "Erlang is a general-purpose, concurrent, functional programming language."
    }
},
{
    "model": "api.service",
    "pk": 8,
    "fields": {
        "slug": "amusement-arcade-worker",
        "name": "Amusement Arcade Worker",
        "image": "https://source.unsplash.com/weekly?tech",
        "category": 6,
        "description": "Do you have any idea why this is not working?"
    }
},
{
    "model": "api.service",
    "pk": 9,
    "fields": {
        "slug": "stage-director",
        "name": "Stage Director",
        "image": "https://source.unsplash.com/weekly?girl",
        "category": 3,
        "description": "Atoms can contain any character if they are enclosed within single quotes and an escape convention exists which allows any character to be used within an atom."
    }
},
{
    "model": "api.service",
    "pk": 10,
    "fields": {
        "slug": "camera-repairer-2",
        "name": "Camera Repairer",
        "image": "https://source.unsplash.com/weekly?space",
        "category": 3,
        "description": "The Galactic Empire is nearing completion of the Death Star, a space station with the power to destroy entire planets."
    }
},
{
    "model": "api.service",
    "pk": 11,
    "fields": {
        "slug": "progress-clerk",
        "name": "Progress Clerk",
        "image": "https://source.unsplash.com/weekly?tech",
        "category": 5,
        "description": "He looked inquisitively at his keyboard and wrote another sentence."
    }
},
{
    "model": "api.service",
    "pk": 12,
    "fields": {
        "slug": "restaurateur",
        "name": "Restaurateur",
        "image": "https://source.unsplash.com/weekly?man",
        "category": 6,
        "description": "Make me a sandwich."
    }
},
{
    "model": "api.service",
    "pk": 13,
    "fields": {
        "slug": "youth-hostel-warden",
        "name": "Youth Hostel Warden",
        "image": "https://source.unsplash.com/weekly?man",
        "category": 3,
        "description": "Do you come here often?"
    }
},
{
    "model": "api.service",
    "pk": 14,
    "fields": {
        "slug": "timber-worker",
        "name": "Timber Worker",
        "image": "https://source.unsplash.com/weekly?cat",
        "category": 1,
        "description": "I don't even care."
    }
},
{
    "model": "api.service",
    "pk": 15,
    "fields": {
        "slug": "travel-guide",
        "name": "Travel Guide",
        "image": "https://source.unsplash.com/weekly?beauty",
        "category": 2,
        "description": "Make me a sandwich."
    }
},
{
    "model": "api.service",
    "pk": 16,
    "fields": {
        "slug": "home-economist",
        "name": "Home Economist",
        "image": "https://source.unsplash.com/weekly?man",
        "category": 4,
        "description": "Any element of a tuple can be accessed in constant time."
    }
},
{
    "model": "api.service",
    "pk": 17,
    "fields": {
        "slug": "physiologist",
        "name": "Physiologist",
        "image": "https://source.unsplash.com/weekly?girl",
        "category": 9,
        "description": "The Galactic Empire is nearing completion of the Death Star, a space station with the power to destroy entire planets."
    }
},
{
    "model": "api.service",
    "pk": 18,
    "fields": {
        "slug": "joinery-consultant",
        "name": "Joinery Consultant",
        "image": "https://source.unsplash.com/weekly?nature",
        "category": 9,
        "description": "He looked inquisitively at his keyboard and wrote another sentence."
    }
},
{
    "model": "api.service",
    "pk": 19,
    "fields": {
        "slug": "circus-proprietor",
        "name": "Circus Proprietor",
        "image": "https://source.unsplash.com/weekly?man",
        "category": 4,
        "description": "He looked inquisitively at his keyboard and wrote another sentence."
    }
},
{
    "model": "api.service",
    "pk": 20,
    "fields": {
        "slug": "housing-officer",
        "name": "Housing Officer",
        "image": "https://source.unsplash.com/weekly?space",
        "category": 7,
        "description": "They are written as strings of consecutive alphanumeric characters, the first character being lowercase."
    }
},
{
    "model": "api.service",
    "pk": 21,
    "fields": {
        "slug": "lifeguard",
        "name": "Lifeguard",
        "image": "https://source.unsplash.com/weekly?nature",
        "category": 8,
        "description": "Do you have any idea why this is not working?"
    }
},
{
    "model": "api.service",
    "pk": 22,
    "fields": {
        "slug": "polisher",
        "name": "Polisher",
        "image": "https://source.unsplash.com/weekly?man",
        "category": 9,
        "description": "Haskell features a type system with type inference and lazy evaluation."
    }
},
{
    "model": "api.service",
    "pk": 23,
    "fields": {
        "slug": "decorator",
        "name": "Decorator",
        "image": "https://source.unsplash.com/weekly?cat",
        "category": 7,
        "description": "Do you come here often?"
    }
},
{
    "model": "api.service",
    "pk": 24,
    "fields": {
        "slug": "gynaecologist",
        "name": "Gynaecologist",
        "image": "https://source.unsplash.com/weekly?man",
        "category": 3,
        "description": "The arguments can be primitive data types or compound data types."
    }
},
{
    "model": "api.service",
    "pk": 25,
    "fields": {
        "slug": "video-artist",
        "name": "Video Artist",
        "image": "https://source.unsplash.com/weekly?woman",
        "category": 9,
        "description": "Do you come here often?"
    }
},
{
    "model": "api.service",
    "pk": 26,
    "fields": {
        "slug": "psychiatrist",
        "name": "Psychiatrist",
        "image": "https://source.unsplash.com/weekly?space",
        "category": 1,
        "description": "Initially composing light-hearted and irreverent works, he also wrote serious, sombre and religious pieces beginning in the 1930s."
    }
},
{
    "model": "api.service",
    "pk": 27,
    "fields": {
        "slug": "production-hand",
        "name": "Production Hand",
        "image": "https://source.unsplash.com/weekly?space",
        "category": 6,
        "description": "Messages can be sent to and received from ports, but these messages must obey the so-called \"port protocol.\""
    }
},
{
    "model": "api.service",
    "pk": 28,
    "fields": {
        "slug": "health-therapist",
        "name": "Health Therapist",
        "image": "https://source.unsplash.com/weekly?space",
        "category": 3,
        "description": "Erlang is a general-purpose, concurrent, functional programming language."
    }
},
{
    "model": "api.service",
    "pk": 29,
    "fields": {
        "slug": "outreach-worker",
        "name": "Outreach Worker",
        "image": "https://source.unsplash.com/weekly?nature",
        "category": 2,
        "description": "Where are my pants?"
    }
},
{
    "model": "api.service",
    "pk": 30,
    "fields": {
        "slug": "welfare-officer",
        "name": "Welfare Officer",
        "image": "https://source.unsplash.com/weekly?tech",
        "category": 4,
        "description": "Erlang is a general-purpose, concurrent, functional programming language."
    }
},
{
    "model": "api.serviceprovider",
    "pk": 1,
    "fields": {
        "created": "2018-03-25T16:21:10.161Z",
        "modified": "2018-03-25T16:21:10.161Z",
        "status": 1,
        "activate_date": "2018-03-25T16:21:10.160Z",
        "deactivate_date": null,
        "user": [
            "zapateo1944@yandex.com"
        ],
        "service": 13,
        "heading": "The only thing we have to fear is fear itself.",
        "slug": "the-only-thing-we-have-to-fear-is-fear-itself",
        "description": "Type classes first appeared in the Haskell programming language. Ports are created with the built-in function open_port. Messages can be sent to and received from ports, but these messages must obey the so-called \"port protocol.\" They are written as strings of consecutive alphanumeric characters, the first character being lowercase. She spent her earliest years reading classic literature, and writing poetry.",
        "price": "500.00",
        "booked": false
    }
},
{
    "model": "api.serviceprovider",
    "pk": 2,
    "fields": {
        "created": "2018-03-25T16:21:10.215Z",
        "modified": "2018-03-25T16:21:10.215Z",
        "status": 1,
        "activate_date": "2018-03-25T16:21:10.214Z",
        "deactivate_date": null,
        "user": [
            "erastus1817@outlook.com"
        ],
        "service": 24,
        "heading": "Those who refuse to learn from history are condemned to repeat it.",
        "slug": "those-who-refuse-to-learn-from-history-are-condemned-to-repeat-it",
        "description": "Atoms are used within a program to denote distinguished values. Tuples are containers for a fixed number of Erlang data types. The Galactic Empire is nearing completion of the Death Star, a space station with the power to destroy entire planets. Erlang is known for its designs that are well suited for systems. The sequential subset of Erlang supports eager evaluation, single assignment, and dynamic typing.",
        "price": "500.00",
        "booked": false
    }
},
{
    "model": "api.serviceprovider",
    "pk": 3,
    "fields": {
        "created": "2018-03-25T16:21:10.257Z",
        "modified": "2018-03-25T16:21:10.257Z",
        "status": 1,
        "activate_date": "2018-03-25T16:21:10.257Z",
        "deactivate_date": null,
        "user": [
            "weasel1859@gmail.com"
        ],
        "service": 12,
        "heading": "Those who refuse to learn from history are condemned to repeat it.",
        "slug": "those-who-refuse-to-learn-from-history-are-condemned-to-repeat-it-2",
        "description": "In 1989 the building was heavily damaged by fire, but it has since been restored. Haskell is a standardized, general-purpose purely functional programming language, with non-strict semantics and strong static typing. He looked inquisitively at his keyboard and wrote another sentence. In 1989 the building was heavily damaged by fire, but it has since been restored. Make me a sandwich.",
        "price": "500.00",
        "booked": false
    }
},
{
    "model": "api.serviceprovider",
    "pk": 4,
    "fields": {
        "created": "2018-03-25T16:21:10.305Z",
        "modified": "2018-03-25T16:21:10.305Z",
        "status": 1,
        "activate_date": "2018-03-25T16:21:10.305Z",
        "deactivate_date": null,
        "user": [
            "dorelia1824@yahoo.com"
        ],
        "service": 18,
        "heading": "Elementary, my dear Watson.",
        "slug": "elementary-my-dear-watson",
        "description": "Do you have any idea why this is not working? Atoms are used within a program to denote distinguished values. Atoms are used within a program to denote distinguished values. They are written as strings of consecutive alphanumeric characters, the first character being lowercase. Ports are used to communicate with the external world.",
        "price": "500.00",
        "booked": false
    }
},
{
    "model": "api.serviceprovider",
    "pk": 5,
    "fields": {
        "created": "2018-03-25T16:21:10.343Z",
        "modified": "2018-03-25T16:21:10.343Z",
        "status": 1,
        "activate_date": "2018-03-25T16:21:10.343Z",
        "deactivate_date": null,
        "user": [
            "enshroud2054@gmail.com"
        ],
        "service": 2,
        "heading": "I'm gonna make him an offer he can't refuse.",
        "slug": "im-gonna-make-him-an-offer-he-cant-refuse",
        "description": "Ports are used to communicate with the external world. Atoms can contain any character if they are enclosed within single quotes and an escape convention exists which allows any character to be used within an atom. Atoms can contain any character if they are enclosed within single quotes and an escape convention exists which allows any character to be used within an atom. Atoms can contain any character if they are enclosed within single quotes and an escape convention exists which allows any character to be used within an atom. He looked inquisitively at his keyboard and wrote another sentence.",
        "price": "500.00",
        "booked": false
    }
},
{
    "model": "api.serviceprovider",
    "pk": 6,
    "fields": {
        "created": "2018-03-25T16:21:10.378Z",
        "modified": "2018-03-25T16:21:10.379Z",
        "status": 1,
        "activate_date": "2018-03-25T16:21:10.378Z",
        "deactivate_date": null,
        "user": [
            "drumlin2062@outlook.com"
        ],
        "service": 19,
        "heading": "One morning I shot an elephant in my pajamas. How he got in my pajamas, I don't know.",
        "slug": "one-morning-i-shot-an-elephant-in-my-pajamas-how-he-got-in-my-pajamas",
        "description": "The syntax {D1,D2,...,Dn} denotes a tuple whose arguments are D1, D2, ... Dn. Messages can be sent to and received from ports, but these messages must obey the so-called \"port protocol.\" He looked inquisitively at his keyboard and wrote another sentence. Tuples are containers for a fixed number of Erlang data types. She spent her earliest years reading classic literature, and writing poetry.",
        "price": "500.00",
        "booked": false
    }
},
{
    "model": "api.serviceprovider",
    "pk": 7,
    "fields": {
        "created": "2018-03-25T16:21:10.417Z",
        "modified": "2018-03-25T16:21:10.418Z",
        "status": 1,
        "activate_date": "2018-03-25T16:21:10.417Z",
        "deactivate_date": null,
        "user": [
            "tetra2037@gmail.com"
        ],
        "service": 20,
        "heading": "Let them eat cake.",
        "slug": "let-them-eat-cake",
        "description": "Atoms can contain any character if they are enclosed within single quotes and an escape convention exists which allows any character to be used within an atom. She spent her earliest years reading classic literature, and writing poetry. Do you come here often? They are written as strings of consecutive alphanumeric characters, the first character being lowercase. Ports are used to communicate with the external world.",
        "price": "500.00",
        "booked": false
    }
},
{
    "model": "api.serviceprovider",
    "pk": 8,
    "fields": {
        "created": "2018-03-25T16:21:10.470Z",
        "modified": "2018-03-25T16:21:10.470Z",
        "status": 1,
        "activate_date": "2018-03-25T16:21:10.469Z",
        "deactivate_date": null,
        "user": [
            "reindeer1855@outlook.com"
        ],
        "service": 26,
        "heading": "Here's looking at you, kid.",
        "slug": "heres-looking-at-you-kid",
        "description": "Messages can be sent to and received from ports, but these messages must obey the so-called \"port protocol.\" Do you come here often? Make me a sandwich. Haskell features a type system with type inference and lazy evaluation. Ports are used to communicate with the external world.",
        "price": "500.00",
        "booked": false
    }
},
{
    "model": "api.serviceprovider",
    "pk": 9,
    "fields": {
        "created": "2018-03-25T16:21:10.504Z",
        "modified": "2018-03-25T16:21:10.504Z",
        "status": 1,
        "activate_date": "2018-03-25T16:21:10.504Z",
        "deactivate_date": null,
        "user": [
            "eccentrics1957@outlook.com"
        ],
        "service": 13,
        "heading": "Elementary, my dear Watson.",
        "slug": "elementary-my-dear-watson-2",
        "description": "Haskell features a type system with type inference and lazy evaluation. The sequential subset of Erlang supports eager evaluation, single assignment, and dynamic typing. She spent her earliest years reading classic literature, and writing poetry. Haskell features a type system with type inference and lazy evaluation. The Galactic Empire is nearing completion of the Death Star, a space station with the power to destroy entire planets.",
        "price": "500.00",
        "booked": false
    }
},
{
    "model": "api.serviceprovider",
    "pk": 10,
    "fields": {
        "created": "2018-03-25T16:21:10.541Z",
        "modified": "2018-03-25T16:21:10.541Z",
        "status": 1,
        "activate_date": "2018-03-25T16:21:10.541Z",
        "deactivate_date": null,
        "user": [
            "drumlin2062@outlook.com"
        ],
        "service": 12,
        "heading": "Frankly, my dear, I don't give a damn.",
        "slug": "frankly-my-dear-i-dont-give-a-damn",
        "description": "They are written as strings of consecutive alphanumeric characters, the first character being lowercase. The syntax {D1,D2,...,Dn} denotes a tuple whose arguments are D1, D2, ... Dn. Do you have any idea why this is not working? Do you have any idea why this is not working? Do you have any idea why this is not working?",
        "price": "500.00",
        "booked": false
    }
},
{
    "model": "api.serviceprovider",
    "pk": 11,
    "fields": {
        "created": "2018-03-25T16:21:10.575Z",
        "modified": "2018-03-25T16:21:10.575Z",
        "status": 1,
        "activate_date": "2018-03-25T16:21:10.575Z",
        "deactivate_date": null,
        "user": [
            "dorelia1824@yahoo.com"
        ],
        "service": 1,
        "heading": "You're gonna need a bigger boat.",
        "slug": "youre-gonna-need-a-bigger-boat",
        "description": "Do you come here often? Where are my pants? Messages can be sent to and received from ports, but these messages must obey the so-called \"port protocol.\" Atoms can contain any character if they are enclosed within single quotes and an escape convention exists which allows any character to be used within an atom. Tuples are containers for a fixed number of Erlang data types.",
        "price": "500.00",
        "booked": false
    }
},
{
    "model": "api.serviceprovider",
    "pk": 12,
    "fields": {
        "created": "2018-03-25T16:21:10.609Z",
        "modified": "2018-03-25T16:21:10.609Z",
        "status": 1,
        "activate_date": "2018-03-25T16:21:10.609Z",
        "deactivate_date": null,
        "user": [
            "gooses2017@gmail.com"
        ],
        "service": 2,
        "heading": "One morning I shot an elephant in my pajamas. How he got in my pajamas, I don't know.",
        "slug": "one-morning-i-shot-an-elephant-in-my-pajamas-how-he-got-in-my-pajama-2",
        "description": "Ports are created with the built-in function open_port. Tuples are containers for a fixed number of Erlang data types. They are written as strings of consecutive alphanumeric characters, the first character being lowercase. They are written as strings of consecutive alphanumeric characters, the first character being lowercase. In 1989 the building was heavily damaged by fire, but it has since been restored.",
        "price": "500.00",
        "booked": false
    }
},
{
    "model": "api.serviceprovider",
    "pk": 13,
    "fields": {
        "created": "2018-03-25T16:21:10.645Z",
        "modified": "2018-03-25T16:21:10.645Z",
        "status": 1,
        "activate_date": "2018-03-25T16:21:10.645Z",
        "deactivate_date": null,
        "user": [
            "chakras1934@outlook.com"
        ],
        "service": 17,
        "heading": "Let them eat cake.",
        "slug": "let-them-eat-cake-2",
        "description": "The syntax {D1,D2,...,Dn} denotes a tuple whose arguments are D1, D2, ... Dn. Atoms can contain any character if they are enclosed within single quotes and an escape convention exists which allows any character to be used within an atom. The syntax {D1,D2,...,Dn} denotes a tuple whose arguments are D1, D2, ... Dn. Atoms can contain any character if they are enclosed within single quotes and an escape convention exists which allows any character to be used within an atom. In 1989 the building was heavily damaged by fire, but it has since been restored.",
        "price": "500.00",
        "booked": false
    }
},
{
    "model": "api.serviceprovider",
    "pk": 14,
    "fields": {
        "created": "2018-03-25T16:21:10.686Z",
        "modified": "2018-03-25T16:21:10.686Z",
        "status": 1,
        "activate_date": "2018-03-25T16:21:10.685Z",
        "deactivate_date": null,
        "user": [
            "crustacean2061@live.com"
        ],
        "service": 26,
        "heading": "One morning I shot an elephant in my pajamas. How he got in my pajamas, I don't know.",
        "slug": "one-morning-i-shot-an-elephant-in-my-pajamas-how-he-got-in-my-pajama-3",
        "description": "Messages can be sent to and received from ports, but these messages must obey the so-called \"port protocol.\" Erlang is known for its designs that are well suited for systems. Where are my pants? Messages can be sent to and received from ports, but these messages must obey the so-called \"port protocol.\" She spent her earliest years reading classic literature, and writing poetry.",
        "price": "500.00",
        "booked": false
    }
},
{
    "model": "api.serviceprovider",
    "pk": 15,
    "fields": {
        "created": "2018-03-25T16:21:10.731Z",
        "modified": "2018-03-25T16:21:10.731Z",
        "status": 1,
        "activate_date": "2018-03-25T16:21:10.731Z",
        "deactivate_date": null,
        "user": [
            "lymph1891@live.com"
        ],
        "service": 4,
        "heading": "Mr. Gorbachev, open this gate! Mr. Gorbachev, tear down this wall!",
        "slug": "mr-gorbachev-open-this-gate-mr-gorbachev-tear-down-this-wall",
        "description": "Do you come here often? Type classes first appeared in the Haskell programming language. He looked inquisitively at his keyboard and wrote another sentence. Tuples are containers for a fixed number of Erlang data types. Any element of a tuple can be accessed in constant time.",
        "price": "500.00",
        "booked": false
    }
},
{
    "model": "api.serviceprovider",
    "pk": 16,
    "fields": {
        "created": "2018-03-25T16:21:10.763Z",
        "modified": "2018-03-25T16:21:10.763Z",
        "status": 1,
        "activate_date": "2018-03-25T16:21:10.763Z",
        "deactivate_date": null,
        "user": [
            "zapateo1944@yandex.com"
        ],
        "service": 22,
        "heading": "You've got to ask yourself one question: \"Do I feel lucky?\" Well, do ya? Punk!",
        "slug": "youve-got-to-ask-yourself-one-question-do-i-feel-lucky-well-do-ya-punk",
        "description": "Its main implementation is the Glasgow Haskell Compiler. Ports are created with the built-in function open_port. Do you come here often? The arguments can be primitive data types or compound data types. Atoms are used within a program to denote distinguished values.",
        "price": "500.00",
        "booked": false
    }
},
{
    "model": "api.serviceprovider",
    "pk": 17,
    "fields": {
        "created": "2018-03-25T16:21:10.795Z",
        "modified": "2018-03-25T16:21:10.795Z",
        "status": 1,
        "activate_date": "2018-03-25T16:21:10.795Z",
        "deactivate_date": null,
        "user": [
            "zapateo1944@yandex.com"
        ],
        "service": 27,
        "heading": "Houston, we have a problem.",
        "slug": "houston-we-have-a-problem",
        "description": "Erlang is known for its designs that are well suited for systems. Do you have any idea why this is not working? Ports are used to communicate with the external world. I don't even care. The sequential subset of Erlang supports eager evaluation, single assignment, and dynamic typing.",
        "price": "500.00",
        "booked": false
    }
},
{
    "model": "api.serviceprovider",
    "pk": 18,
    "fields": {
        "created": "2018-03-25T16:21:10.838Z",
        "modified": "2018-03-25T16:21:10.838Z",
        "status": 1,
        "activate_date": "2018-03-25T16:21:10.838Z",
        "deactivate_date": null,
        "user": [
            "drumlin2062@outlook.com"
        ],
        "service": 4,
        "heading": "Frankly, my dear, I don't give a damn.",
        "slug": "frankly-my-dear-i-dont-give-a-damn-2",
        "description": "Atoms are used within a program to denote distinguished values. Make me a sandwich. Erlang is known for its designs that are well suited for systems. The syntax {D1,D2,...,Dn} denotes a tuple whose arguments are D1, D2, ... Dn. Ports are used to communicate with the external world.",
        "price": "500.00",
        "booked": false
    }
},
{
    "model": "api.serviceprovider",
    "pk": 19,
    "fields": {
        "created": "2018-03-25T16:21:10.874Z",
        "modified": "2018-03-25T16:21:10.874Z",
        "status": 1,
        "activate_date": "2018-03-25T16:21:10.873Z",
        "deactivate_date": null,
        "user": [
            "zapateo1944@yandex.com"
        ],
        "service": 25,
        "heading": "A census taker once tried to test me. I ate his liver with some fava beans and a nice Chianti.",
        "slug": "a-census-taker-once-tried-to-test-me-i-ate-his-liver-with-some-fava-be",
        "description": "The syntax {D1,D2,...,Dn} denotes a tuple whose arguments are D1, D2, ... Dn. It is also a garbage-collected runtime system. They are written as strings of consecutive alphanumeric characters, the first character being lowercase. The sequential subset of Erlang supports eager evaluation, single assignment, and dynamic typing. Do you come here often?",
        "price": "500.00",
        "booked": false
    }
},
{
    "model": "api.serviceprovider",
    "pk": 20,
    "fields": {
        "created": "2018-03-25T16:21:10.912Z",
        "modified": "2018-03-25T16:21:10.912Z",
        "status": 1,
        "activate_date": "2018-03-25T16:21:10.911Z",
        "deactivate_date": null,
        "user": [
            "weasel1859@gmail.com"
        ],
        "service": 22,
        "heading": "Houston, we have a problem.",
        "slug": "houston-we-have-a-problem-2",
        "description": "Do you come here often? The arguments can be primitive data types or compound data types. They are written as strings of consecutive alphanumeric characters, the first character being lowercase. He looked inquisitively at his keyboard and wrote another sentence. Do you have any idea why this is not working?",
        "price": "500.00",
        "booked": false
    }
},
{
    "model": "api.serviceprovider",
    "pk": 21,
    "fields": {
        "created": "2018-03-25T16:21:10.946Z",
        "modified": "2018-03-25T16:21:10.947Z",
        "status": 1,
        "activate_date": "2018-03-25T16:21:10.946Z",
        "deactivate_date": null,
        "user": [
            "enshroud2054@gmail.com"
        ],
        "service": 3,
        "heading": "They call me *Mister* Tibbs!",
        "slug": "they-call-me-mister-tibbs",
        "description": "They are written as strings of consecutive alphanumeric characters, the first character being lowercase. It is also a garbage-collected runtime system. Haskell features a type system with type inference and lazy evaluation. They are written as strings of consecutive alphanumeric characters, the first character being lowercase. Initially composing light-hearted and irreverent works, he also wrote serious, sombre and religious pieces beginning in the 1930s.",
        "price": "500.00",
        "booked": false
    }
},
{
    "model": "api.serviceprovider",
    "pk": 22,
    "fields": {
        "created": "2018-03-25T16:21:10.987Z",
        "modified": "2018-03-25T16:21:10.987Z",
        "status": 1,
        "activate_date": "2018-03-25T16:21:10.986Z",
        "deactivate_date": null,
        "user": [
            "stingray1803@live.com"
        ],
        "service": 30,
        "heading": "You're gonna need a bigger boat.",
        "slug": "youre-gonna-need-a-bigger-boat-2",
        "description": "The sequential subset of Erlang supports eager evaluation, single assignment, and dynamic typing. The syntax {D1,D2,...,Dn} denotes a tuple whose arguments are D1, D2, ... Dn. He looked inquisitively at his keyboard and wrote another sentence. Atoms can contain any character if they are enclosed within single quotes and an escape convention exists which allows any character to be used within an atom. The sequential subset of Erlang supports eager evaluation, single assignment, and dynamic typing.",
        "price": "500.00",
        "booked": false
    }
},
{
    "model": "api.serviceprovider",
    "pk": 23,
    "fields": {
        "created": "2018-03-25T16:21:11.020Z",
        "modified": "2018-03-25T16:21:11.020Z",
        "status": 1,
        "activate_date": "2018-03-25T16:21:11.020Z",
        "deactivate_date": null,
        "user": [
            "erastus1817@outlook.com"
        ],
        "service": 8,
        "heading": "You're gonna need a bigger boat.",
        "slug": "youre-gonna-need-a-bigger-boat-3",
        "description": "Ports are used to communicate with the external world. Initially composing light-hearted and irreverent works, he also wrote serious, sombre and religious pieces beginning in the 1930s. It is also a garbage-collected runtime system. Haskell is a standardized, general-purpose purely functional programming language, with non-strict semantics and strong static typing. Where are my pants?",
        "price": "500.00",
        "booked": false
    }
},
{
    "model": "api.serviceprovider",
    "pk": 24,
    "fields": {
        "created": "2018-03-25T16:21:11.050Z",
        "modified": "2018-03-25T16:21:11.050Z",
        "status": 1,
        "activate_date": "2018-03-25T16:21:11.050Z",
        "deactivate_date": null,
        "user": [
            "birretta1918@live.com"
        ],
        "service": 30,
        "heading": "Mama always said life was like a box of chocolates. You never know what you're gonna get.",
        "slug": "mama-always-said-life-was-like-a-box-of-chocolates-you-never-know-what",
        "description": "The arguments can be primitive data types or compound data types. The Galactic Empire is nearing completion of the Death Star, a space station with the power to destroy entire planets. Messages can be sent to and received from ports, but these messages must obey the so-called \"port protocol.\" She spent her earliest years reading classic literature, and writing poetry. Messages can be sent to and received from ports, but these messages must obey the so-called \"port protocol.\"",
        "price": "500.00",
        "booked": false
    }
},
{
    "model": "api.serviceprovider",
    "pk": 25,
    "fields": {
        "created": "2018-03-25T16:21:11.088Z",
        "modified": "2018-03-25T16:21:11.088Z",
        "status": 1,
        "activate_date": "2018-03-25T16:21:11.088Z",
        "deactivate_date": null,
        "user": [
            "lymph1891@live.com"
        ],
        "service": 7,
        "heading": "Those who refuse to learn from history are condemned to repeat it.",
        "slug": "those-who-refuse-to-learn-from-history-are-condemned-to-repeat-it-3",
        "description": "Its main implementation is the Glasgow Haskell Compiler. Erlang is known for its designs that are well suited for systems. Atoms can contain any character if they are enclosed within single quotes and an escape convention exists which allows any character to be used within an atom. Ports are created with the built-in function open_port. In 1989 the building was heavily damaged by fire, but it has since been restored.",
        "price": "500.00",
        "booked": false
    }
},
{
    "model": "api.serviceprovider",
    "pk": 26,
    "fields": {
        "created": "2018-03-25T16:21:11.129Z",
        "modified": "2018-03-25T16:21:11.129Z",
        "status": 1,
        "activate_date": "2018-03-25T16:21:11.128Z",
        "deactivate_date": null,
        "user": [
            "tetra2037@gmail.com"
        ],
        "service": 6,
        "heading": "A census taker once tried to test me. I ate his liver with some fava beans and a nice Chianti.",
        "slug": "a-census-taker-once-tried-to-test-me-i-ate-his-liver-with-some-fava-2",
        "description": "Do you come here often? The syntax {D1,D2,...,Dn} denotes a tuple whose arguments are D1, D2, ... Dn. Erlang is a general-purpose, concurrent, functional programming language. The Galactic Empire is nearing completion of the Death Star, a space station with the power to destroy entire planets. Erlang is known for its designs that are well suited for systems.",
        "price": "500.00",
        "booked": false
    }
},
{
    "model": "api.serviceprovider",
    "pk": 27,
    "fields": {
        "created": "2018-03-25T16:21:11.159Z",
        "modified": "2018-03-25T16:21:11.159Z",
        "status": 1,
        "activate_date": "2018-03-25T16:21:11.159Z",
        "deactivate_date": null,
        "user": [
            "birretta1918@live.com"
        ],
        "service": 19,
        "heading": "Here's looking at you, kid.",
        "slug": "heres-looking-at-you-kid-2",
        "description": "The arguments can be primitive data types or compound data types. I don't even care. Ports are used to communicate with the external world. Ports are created with the built-in function open_port. Do you have any idea why this is not working?",
        "price": "500.00",
        "booked": false
    }
},
{
    "model": "api.serviceprovider",
    "pk": 28,
    "fields": {
        "created": "2018-03-25T16:21:11.204Z",
        "modified": "2018-03-25T16:21:11.205Z",
        "status": 1,
        "activate_date": "2018-03-25T16:21:11.204Z",
        "deactivate_date": null,
        "user": [
            "weasel1859@gmail.com"
        ],
        "service": 8,
        "heading": "Frankly, my dear, I don't give a damn.",
        "slug": "frankly-my-dear-i-dont-give-a-damn-3",
        "description": "Its main implementation is the Glasgow Haskell Compiler. Ports are used to communicate with the external world. He looked inquisitively at his keyboard and wrote another sentence. The syntax {D1,D2,...,Dn} denotes a tuple whose arguments are D1, D2, ... Dn. Haskell is a standardized, general-purpose purely functional programming language, with non-strict semantics and strong static typing.",
        "price": "500.00",
        "booked": false
    }
},
{
    "model": "api.serviceprovider",
    "pk": 29,
    "fields": {
        "created": "2018-03-25T16:21:11.243Z",
        "modified": "2018-03-25T16:21:11.243Z",
        "status": 1,
        "activate_date": "2018-03-25T16:21:11.243Z",
        "deactivate_date": null,
        "user": [
            "enshroud2054@gmail.com"
        ],
        "service": 28,
        "heading": "I'm gonna make him an offer he can't refuse.",
        "slug": "im-gonna-make-him-an-offer-he-cant-refuse-2",
        "description": "Ports are used to communicate with the external world. Make me a sandwich. Do you come here often? Type classes first appeared in the Haskell programming language. He looked inquisitively at his keyboard and wrote another sentence.",
        "price": "500.00",
        "booked": false
    }
},
{
    "model": "api.serviceprovider",
    "pk": 30,
    "fields": {
        "created": "2018-03-25T16:21:11.274Z",
        "modified": "2018-03-25T16:21:11.274Z",
        "status": 1,
        "activate_date": "2018-03-25T16:21:11.274Z",
        "deactivate_date": null,
        "user": [
            "drumlin2062@outlook.com"
        ],
        "service": 8,
        "heading": "You've got to ask yourself one question: \"Do I feel lucky?\" Well, do ya? Punk!",
        "slug": "youve-got-to-ask-yourself-one-question-do-i-feel-lucky-well-do-ya-pu-2",
        "description": "Its main implementation is the Glasgow Haskell Compiler. It is also a garbage-collected runtime system. It is also a garbage-collected runtime system. Any element of a tuple can be accessed in constant time. The Galactic Empire is nearing completion of the Death Star, a space station with the power to destroy entire planets.",
        "price": "500.00",
        "booked": false
    }
},
{
    "model": "api.serviceprovider",
    "pk": 31,
    "fields": {
        "created": "2018-03-25T16:21:11.310Z",
        "modified": "2018-03-25T16:21:11.310Z",
        "status": 1,
        "activate_date": "2018-03-25T16:21:11.310Z",
        "deactivate_date": null,
        "user": [
            "eccentrics1957@outlook.com"
        ],
        "service": 2,
        "heading": "Here's looking at you, kid.",
        "slug": "heres-looking-at-you-kid-3",
        "description": "Where are my pants? Do you come here often? Type classes first appeared in the Haskell programming language. Atoms are used within a program to denote distinguished values. The syntax {D1,D2,...,Dn} denotes a tuple whose arguments are D1, D2, ... Dn.",
        "price": "500.00",
        "booked": false
    }
},
{
    "model": "api.serviceprovider",
    "pk": 32,
    "fields": {
        "created": "2018-03-25T16:21:11.343Z",
        "modified": "2018-03-25T16:21:11.343Z",
        "status": 1,
        "activate_date": "2018-03-25T16:21:11.343Z",
        "deactivate_date": null,
        "user": [
            "tetra2037@gmail.com"
        ],
        "service": 28,
        "heading": "Here's looking at you, kid.",
        "slug": "heres-looking-at-you-kid-4",
        "description": "She spent her earliest years reading classic literature, and writing poetry. Haskell is a standardized, general-purpose purely functional programming language, with non-strict semantics and strong static typing. The arguments can be primitive data types or compound data types. Haskell features a type system with type inference and lazy evaluation. Haskell features a type system with type inference and lazy evaluation.",
        "price": "500.00",
        "booked": false
    }
},
{
    "model": "api.serviceprovider",
    "pk": 33,
    "fields": {
        "created": "2018-03-25T16:21:11.376Z",
        "modified": "2018-03-25T16:21:11.376Z",
        "status": 1,
        "activate_date": "2018-03-25T16:21:11.375Z",
        "deactivate_date": null,
        "user": [
            "dorelia1824@yahoo.com"
        ],
        "service": 10,
        "heading": "You're gonna need a bigger boat.",
        "slug": "youre-gonna-need-a-bigger-boat-4",
        "description": "It is also a garbage-collected runtime system. Make me a sandwich. Do you have any idea why this is not working? Type classes first appeared in the Haskell programming language. Erlang is a general-purpose, concurrent, functional programming language.",
        "price": "500.00",
        "booked": false
    }
},
{
    "model": "api.serviceprovider",
    "pk": 34,
    "fields": {
        "created": "2018-03-25T16:21:11.414Z",
        "modified": "2018-03-25T16:21:11.414Z",
        "status": 1,
        "activate_date": "2018-03-25T16:21:11.414Z",
        "deactivate_date": null,
        "user": [
            "gooses2017@gmail.com"
        ],
        "service": 28,
        "heading": "Let them eat cake.",
        "slug": "let-them-eat-cake-3",
        "description": "The syntax {D1,D2,...,Dn} denotes a tuple whose arguments are D1, D2, ... Dn. Ports are created with the built-in function open_port. It is also a garbage-collected runtime system. Ports are used to communicate with the external world. Erlang is a general-purpose, concurrent, functional programming language.",
        "price": "500.00",
        "booked": false
    }
},
{
    "model": "api.serviceprovider",
    "pk": 35,
    "fields": {
        "created": "2018-03-25T16:21:11.450Z",
        "modified": "2018-03-25T16:21:11.450Z",
        "status": 1,
        "activate_date": "2018-03-25T16:21:11.450Z",
        "deactivate_date": null,
        "user": [
            "tetra2037@gmail.com"
        ],
        "service": 22,
        "heading": "Frankly, my dear, I don't give a damn.",
        "slug": "frankly-my-dear-i-dont-give-a-damn-4",
        "description": "Its main implementation is the Glasgow Haskell Compiler. Make me a sandwich. They are written as strings of consecutive alphanumeric characters, the first character being lowercase. Where are my pants? The syntax {D1,D2,...,Dn} denotes a tuple whose arguments are D1, D2, ... Dn.",
        "price": "500.00",
        "booked": false
    }
},
{
    "model": "api.serviceprovider",
    "pk": 36,
    "fields": {
        "created": "2018-03-25T16:21:11.482Z",
        "modified": "2018-03-25T16:21:11.483Z",
        "status": 1,
        "activate_date": "2018-03-25T16:21:11.482Z",
        "deactivate_date": null,
        "user": [
            "enshroud2054@gmail.com"
        ],
        "service": 26,
        "heading": "One morning I shot an elephant in my pajamas. How he got in my pajamas, I don't know.",
        "slug": "one-morning-i-shot-an-elephant-in-my-pajamas-how-he-got-in-my-pajama-4",
        "description": "It is also a garbage-collected runtime system. Initially composing light-hearted and irreverent works, he also wrote serious, sombre and religious pieces beginning in the 1930s. Atoms are used within a program to denote distinguished values. Erlang is a general-purpose, concurrent, functional programming language. She spent her earliest years reading classic literature, and writing poetry.",
        "price": "500.00",
        "booked": false
    }
},
{
    "model": "api.serviceprovider",
    "pk": 37,
    "fields": {
        "created": "2018-03-25T16:21:11.513Z",
        "modified": "2018-03-25T16:21:11.513Z",
        "status": 1,
        "activate_date": "2018-03-25T16:21:11.513Z",
        "deactivate_date": null,
        "user": [
            "erastus1817@outlook.com"
        ],
        "service": 5,
        "heading": "One morning I shot an elephant in my pajamas. How he got in my pajamas, I don't know.",
        "slug": "one-morning-i-shot-an-elephant-in-my-pajamas-how-he-got-in-my-pajama-5",
        "description": "Where are my pants? In 1989 the building was heavily damaged by fire, but it has since been restored. It is also a garbage-collected runtime system. The sequential subset of Erlang supports eager evaluation, single assignment, and dynamic typing. Do you have any idea why this is not working?",
        "price": "500.00",
        "booked": false
    }
},
{
    "model": "api.serviceprovider",
    "pk": 38,
    "fields": {
        "created": "2018-03-25T16:21:11.556Z",
        "modified": "2018-03-25T16:21:11.556Z",
        "status": 1,
        "activate_date": "2018-03-25T16:21:11.556Z",
        "deactivate_date": null,
        "user": [
            "gooses2017@gmail.com"
        ],
        "service": 6,
        "heading": "The only thing we have to fear is fear itself.",
        "slug": "the-only-thing-we-have-to-fear-is-fear-itself-2",
        "description": "The Galactic Empire is nearing completion of the Death Star, a space station with the power to destroy entire planets. It is also a garbage-collected runtime system. They are written as strings of consecutive alphanumeric characters, the first character being lowercase. Haskell is a standardized, general-purpose purely functional programming language, with non-strict semantics and strong static typing. He looked inquisitively at his keyboard and wrote another sentence.",
        "price": "500.00",
        "booked": false
    }
},
{
    "model": "api.serviceprovider",
    "pk": 39,
    "fields": {
        "created": "2018-03-25T16:21:11.580Z",
        "modified": "2018-03-25T16:21:11.581Z",
        "status": 1,
        "activate_date": "2018-03-25T16:21:11.580Z",
        "deactivate_date": null,
        "user": [
            "erastus1817@outlook.com"
        ],
        "service": 28,
        "heading": "You've got to ask yourself one question: \"Do I feel lucky?\" Well, do ya? Punk!",
        "slug": "youve-got-to-ask-yourself-one-question-do-i-feel-lucky-well-do-ya-pu-3",
        "description": "In 1989 the building was heavily damaged by fire, but it has since been restored. Initially composing light-hearted and irreverent works, he also wrote serious, sombre and religious pieces beginning in the 1930s. Atoms are used within a program to denote distinguished values. Do you come here often? Messages can be sent to and received from ports, but these messages must obey the so-called \"port protocol.\"",
        "price": "500.00",
        "booked": false
    }
},
{
    "model": "api.serviceprovider",
    "pk": 40,
    "fields": {
        "created": "2018-03-25T16:21:11.614Z",
        "modified": "2018-03-25T16:21:11.614Z",
        "status": 1,
        "activate_date": "2018-03-25T16:21:11.614Z",
        "deactivate_date": null,
        "user": [
            "reindeer1855@outlook.com"
        ],
        "service": 7,
        "heading": "Mama always said life was like a box of chocolates. You never know what you're gonna get.",
        "slug": "mama-always-said-life-was-like-a-box-of-chocolates-you-never-know-wh-2",
        "description": "She spent her earliest years reading classic literature, and writing poetry. The syntax {D1,D2,...,Dn} denotes a tuple whose arguments are D1, D2, ... Dn. Atoms are used within a program to denote distinguished values. Haskell features a type system with type inference and lazy evaluation. Where are my pants?",
        "price": "500.00",
        "booked": false
    }
},
{
    "model": "api.serviceprovider",
    "pk": 41,
    "fields": {
        "created": "2018-03-25T16:21:11.648Z",
        "modified": "2018-03-25T16:21:11.648Z",
        "status": 1,
        "activate_date": "2018-03-25T16:21:11.648Z",
        "deactivate_date": null,
        "user": [
            "tetra2037@gmail.com"
        ],
        "service": 21,
        "heading": "Elementary, my dear Watson.",
        "slug": "elementary-my-dear-watson-3",
        "description": "Ports are used to communicate with the external world. Haskell is a standardized, general-purpose purely functional programming language, with non-strict semantics and strong static typing. The syntax {D1,D2,...,Dn} denotes a tuple whose arguments are D1, D2, ... Dn. They are written as strings of consecutive alphanumeric characters, the first character being lowercase. Ports are created with the built-in function open_port.",
        "price": "500.00",
        "booked": false
    }
},
{
    "model": "api.serviceprovider",
    "pk": 42,
    "fields": {
        "created": "2018-03-25T16:21:11.679Z",
        "modified": "2018-03-25T16:21:11.679Z",
        "status": 1,
        "activate_date": "2018-03-25T16:21:11.678Z",
        "deactivate_date": null,
        "user": [
            "erastus1817@outlook.com"
        ],
        "service": 2,
        "heading": "A census taker once tried to test me. I ate his liver with some fava beans and a nice Chianti.",
        "slug": "a-census-taker-once-tried-to-test-me-i-ate-his-liver-with-some-fava-3",
        "description": "Tuples are containers for a fixed number of Erlang data types. Haskell features a type system with type inference and lazy evaluation. Make me a sandwich. She spent her earliest years reading classic literature, and writing poetry. In 1989 the building was heavily damaged by fire, but it has since been restored.",
        "price": "500.00",
        "booked": false
    }
},
{
    "model": "api.serviceprovider",
    "pk": 43,
    "fields": {
        "created": "2018-03-25T16:21:11.719Z",
        "modified": "2018-03-25T16:21:11.719Z",
        "status": 1,
        "activate_date": "2018-03-25T16:21:11.719Z",
        "deactivate_date": null,
        "user": [
            "gooses2017@gmail.com"
        ],
        "service": 1,
        "heading": "Frankly, my dear, I don't give a damn.",
        "slug": "frankly-my-dear-i-dont-give-a-damn-5",
        "description": "Do you come here often? They are written as strings of consecutive alphanumeric characters, the first character being lowercase. She spent her earliest years reading classic literature, and writing poetry. They are written as strings of consecutive alphanumeric characters, the first character being lowercase. It is also a garbage-collected runtime system.",
        "price": "500.00",
        "booked": false
    }
},
{
    "model": "api.serviceprovider",
    "pk": 44,
    "fields": {
        "created": "2018-03-25T16:21:11.758Z",
        "modified": "2018-03-25T16:21:11.758Z",
        "status": 1,
        "activate_date": "2018-03-25T16:21:11.758Z",
        "deactivate_date": null,
        "user": [
            "gooses2017@gmail.com"
        ],
        "service": 8,
        "heading": "The only thing we have to fear is fear itself.",
        "slug": "the-only-thing-we-have-to-fear-is-fear-itself-3",
        "description": "Atoms can contain any character if they are enclosed within single quotes and an escape convention exists which allows any character to be used within an atom. Initially composing light-hearted and irreverent works, he also wrote serious, sombre and religious pieces beginning in the 1930s. Type classes first appeared in the Haskell programming language. Make me a sandwich. Do you have any idea why this is not working?",
        "price": "500.00",
        "booked": false
    }
},
{
    "model": "api.serviceprovider",
    "pk": 45,
    "fields": {
        "created": "2018-03-25T16:21:11.790Z",
        "modified": "2018-03-25T16:21:11.791Z",
        "status": 1,
        "activate_date": "2018-03-25T16:21:11.790Z",
        "deactivate_date": null,
        "user": [
            "eccentrics1957@outlook.com"
        ],
        "service": 12,
        "heading": "Ask not what your country can do for you; ask what you can do for your country.",
        "slug": "ask-not-what-your-country-can-do-for-you-ask-what-you-can-do-for-your",
        "description": "Atoms are used within a program to denote distinguished values. Ports are used to communicate with the external world. The Galactic Empire is nearing completion of the Death Star, a space station with the power to destroy entire planets. Erlang is known for its designs that are well suited for systems. Haskell is a standardized, general-purpose purely functional programming language, with non-strict semantics and strong static typing.",
        "price": "500.00",
        "booked": false
    }
},
{
    "model": "api.serviceprovider",
    "pk": 46,
    "fields": {
        "created": "2018-03-25T16:21:11.825Z",
        "modified": "2018-03-25T16:21:11.825Z",
        "status": 1,
        "activate_date": "2018-03-25T16:21:11.824Z",
        "deactivate_date": null,
        "user": [
            "tetra2037@gmail.com"
        ],
        "service": 15,
        "heading": "Elementary, my dear Watson.",
        "slug": "elementary-my-dear-watson-4",
        "description": "Ports are created with the built-in function open_port. Do you have any idea why this is not working? The Galactic Empire is nearing completion of the Death Star, a space station with the power to destroy entire planets. Haskell features a type system with type inference and lazy evaluation. Ports are created with the built-in function open_port.",
        "price": "500.00",
        "booked": false
    }
},
{
    "model": "api.serviceprovider",
    "pk": 47,
    "fields": {
        "created": "2018-03-25T16:21:11.881Z",
        "modified": "2018-03-25T16:21:11.881Z",
        "status": 1,
        "activate_date": "2018-03-25T16:21:11.881Z",
        "deactivate_date": null,
        "user": [
            "birretta1918@live.com"
        ],
        "service": 27,
        "heading": "Frankly, my dear, I don't give a damn.",
        "slug": "frankly-my-dear-i-dont-give-a-damn-6",
        "description": "Tuples are containers for a fixed number of Erlang data types. Haskell is a standardized, general-purpose purely functional programming language, with non-strict semantics and strong static typing. Where are my pants? Haskell is a standardized, general-purpose purely functional programming language, with non-strict semantics and strong static typing. In 1989 the building was heavily damaged by fire, but it has since been restored.",
        "price": "500.00",
        "booked": false
    }
},
{
    "model": "api.serviceprovider",
    "pk": 48,
    "fields": {
        "created": "2018-03-25T16:21:11.920Z",
        "modified": "2018-03-25T16:21:11.920Z",
        "status": 1,
        "activate_date": "2018-03-25T16:21:11.920Z",
        "deactivate_date": null,
        "user": [
            "lymph1891@live.com"
        ],
        "service": 30,
        "heading": "Let them eat cake.",
        "slug": "let-them-eat-cake-4",
        "description": "I don't even care. Tuples are containers for a fixed number of Erlang data types. Do you have any idea why this is not working? Haskell is a standardized, general-purpose purely functional programming language, with non-strict semantics and strong static typing. She spent her earliest years reading classic literature, and writing poetry.",
        "price": "500.00",
        "booked": false
    }
},
{
    "model": "api.serviceprovider",
    "pk": 49,
    "fields": {
        "created": "2018-03-25T16:21:11.954Z",
        "modified": "2018-03-25T16:21:11.954Z",
        "status": 1,
        "activate_date": "2018-03-25T16:21:11.954Z",
        "deactivate_date": null,
        "user": [
            "weasel1859@gmail.com"
        ],
        "service": 11,
        "heading": "Those who refuse to learn from history are condemned to repeat it.",
        "slug": "those-who-refuse-to-learn-from-history-are-condemned-to-repeat-it-4",
        "description": "Tuples are containers for a fixed number of Erlang data types. Type classes first appeared in the Haskell programming language. Erlang is a general-purpose, concurrent, functional programming language. Atoms are used within a program to denote distinguished values. Ports are used to communicate with the external world.",
        "price": "500.00",
        "booked": false
    }
},
{
    "model": "api.serviceprovider",
    "pk": 50,
    "fields": {
        "created": "2018-03-25T16:22:56.933Z",
        "modified": "2018-03-25T16:22:56.933Z",
        "status": 1,
        "activate_date": "2018-03-25T16:22:56.932Z",
        "deactivate_date": null,
        "user": [
            "birretta1918@live.com"
        ],
        "service": 17,
        "heading": "One morning I shot an elephant in my pajamas. How he got in my pajamas, I don't know.",
        "slug": "one-morning-i-shot-an-elephant-in-my-pajamas-how-he-got-in-my-pajama-6",
        "description": "Erlang is a general-purpose, concurrent, functional programming language. Atoms can contain any character if they are enclosed within single quotes and an escape convention exists which allows any character to be used within an atom. Atoms can contain any character if they are enclosed within single quotes and an escape convention exists which allows any character to be used within an atom. It is also a garbage-collected runtime system. Messages can be sent to and received from ports, but these messages must obey the so-called \"port protocol.\"",
        "price": "500.00",
        "booked": false
    }
},
{
    "model": "api.serviceprovider",
    "pk": 51,
    "fields": {
        "created": "2018-03-25T16:22:56.983Z",
        "modified": "2018-03-25T16:22:56.983Z",
        "status": 1,
        "activate_date": "2018-03-25T16:22:56.982Z",
        "deactivate_date": null,
        "user": [
            "crustacean2061@live.com"
        ],
        "service": 23,
        "heading": "You've got to ask yourself one question: \"Do I feel lucky?\" Well, do ya? Punk!",
        "slug": "youve-got-to-ask-yourself-one-question-do-i-feel-lucky-well-do-ya-pu-4",
        "description": "Atoms can contain any character if they are enclosed within single quotes and an escape convention exists which allows any character to be used within an atom. Haskell is a standardized, general-purpose purely functional programming language, with non-strict semantics and strong static typing. Any element of a tuple can be accessed in constant time. They are written as strings of consecutive alphanumeric characters, the first character being lowercase. The sequential subset of Erlang supports eager evaluation, single assignment, and dynamic typing.",
        "price": "500.00",
        "booked": false
    }
},
{
    "model": "api.serviceprovider",
    "pk": 52,
    "fields": {
        "created": "2018-03-25T16:22:57.015Z",
        "modified": "2018-03-25T16:22:57.015Z",
        "status": 1,
        "activate_date": "2018-03-25T16:22:57.014Z",
        "deactivate_date": null,
        "user": [
            "enshroud2054@gmail.com"
        ],
        "service": 13,
        "heading": "They call me *Mister* Tibbs!",
        "slug": "they-call-me-mister-tibbs-2",
        "description": "Type classes first appeared in the Haskell programming language. Messages can be sent to and received from ports, but these messages must obey the so-called \"port protocol.\" Erlang is known for its designs that are well suited for systems. Haskell is a standardized, general-purpose purely functional programming language, with non-strict semantics and strong static typing. Erlang is known for its designs that are well suited for systems.",
        "price": "500.00",
        "booked": false
    }
},
{
    "model": "api.serviceprovider",
    "pk": 53,
    "fields": {
        "created": "2018-03-25T16:22:57.055Z",
        "modified": "2018-03-25T16:22:57.055Z",
        "status": 1,
        "activate_date": "2018-03-25T16:22:57.055Z",
        "deactivate_date": null,
        "user": [
            "gooses2017@gmail.com"
        ],
        "service": 16,
        "heading": "Ask not what your country can do for you; ask what you can do for your country.",
        "slug": "ask-not-what-your-country-can-do-for-you-ask-what-you-can-do-for-you-2",
        "description": "Ports are used to communicate with the external world. Do you come here often? Messages can be sent to and received from ports, but these messages must obey the so-called \"port protocol.\" Any element of a tuple can be accessed in constant time. Erlang is known for its designs that are well suited for systems.",
        "price": "500.00",
        "booked": false
    }
},
{
    "model": "api.serviceprovider",
    "pk": 54,
    "fields": {
        "created": "2018-03-25T16:22:57.096Z",
        "modified": "2018-03-25T16:22:57.096Z",
        "status": 1,
        "activate_date": "2018-03-25T16:22:57.096Z",
        "deactivate_date": null,
        "user": [
            "stingray1803@live.com"
        ],
        "service": 20,
        "heading": "Mama always said life was like a box of chocolates. You never know what you're gonna get.",
        "slug": "mama-always-said-life-was-like-a-box-of-chocolates-you-never-know-wh-3",
        "description": "Atoms are used within a program to denote distinguished values. Its main implementation is the Glasgow Haskell Compiler. Tuples are containers for a fixed number of Erlang data types. Make me a sandwich. Erlang is a general-purpose, concurrent, functional programming language.",
        "price": "500.00",
        "booked": false
    }
},
{
    "model": "api.serviceprovider",
    "pk": 55,
    "fields": {
        "created": "2018-03-25T16:22:57.131Z",
        "modified": "2018-03-25T16:22:57.131Z",
        "status": 1,
        "activate_date": "2018-03-25T16:22:57.131Z",
        "deactivate_date": null,
        "user": [
            "gooses2017@gmail.com"
        ],
        "service": 15,
        "heading": "Ask not what your country can do for you; ask what you can do for your country.",
        "slug": "ask-not-what-your-country-can-do-for-you-ask-what-you-can-do-for-you-3",
        "description": "The syntax {D1,D2,...,Dn} denotes a tuple whose arguments are D1, D2, ... Dn. Where are my pants? The syntax {D1,D2,...,Dn} denotes a tuple whose arguments are D1, D2, ... Dn. Its main implementation is the Glasgow Haskell Compiler. The Galactic Empire is nearing completion of the Death Star, a space station with the power to destroy entire planets.",
        "price": "500.00",
        "booked": false
    }
},
{
    "model": "api.serviceprovider",
    "pk": 56,
    "fields": {
        "created": "2018-03-25T16:22:57.168Z",
        "modified": "2018-03-25T16:22:57.168Z",
        "status": 1,
        "activate_date": "2018-03-25T16:22:57.167Z",
        "deactivate_date": null,
        "user": [
            "tetra2037@gmail.com"
        ],
        "service": 24,
        "heading": "You've got to ask yourself one question: \"Do I feel lucky?\" Well, do ya? Punk!",
        "slug": "youve-got-to-ask-yourself-one-question-do-i-feel-lucky-well-do-ya-pu-5",
        "description": "Ports are used to communicate with the external world. Haskell features a type system with type inference and lazy evaluation. In 1989 the building was heavily damaged by fire, but it has since been restored. Make me a sandwich. Ports are used to communicate with the external world.",
        "price": "500.00",
        "booked": false
    }
},
{
    "model": "api.serviceprovider",
    "pk": 57,
    "fields": {
        "created": "2018-03-25T16:22:57.205Z",
        "modified": "2018-03-25T16:22:57.205Z",
        "status": 1,
        "activate_date": "2018-03-25T16:22:57.205Z",
        "deactivate_date": null,
        "user": [
            "weasel1859@gmail.com"
        ],
        "service": 21,
        "heading": "One morning I shot an elephant in my pajamas. How he got in my pajamas, I don't know.",
        "slug": "one-morning-i-shot-an-elephant-in-my-pajamas-how-he-got-in-my-pajama-7",
        "description": "Haskell features a type system with type inference and lazy evaluation. Erlang is a general-purpose, concurrent, functional programming language. Messages can be sent to and received from ports, but these messages must obey the so-called \"port protocol.\" Erlang is known for its designs that are well suited for systems. The arguments can be primitive data types or compound data types.",
        "price": "500.00",
        "booked": false
    }
},
{
    "model": "api.serviceprovider",
    "pk": 58,
    "fields": {
        "created": "2018-03-25T16:22:57.245Z",
        "modified": "2018-03-25T16:22:57.245Z",
        "status": 1,
        "activate_date": "2018-03-25T16:22:57.245Z",
        "deactivate_date": null,
        "user": [
            "reindeer1855@outlook.com"
        ],
        "service": 18,
        "heading": "Those who refuse to learn from history are condemned to repeat it.",
        "slug": "those-who-refuse-to-learn-from-history-are-condemned-to-repeat-it-5",
        "description": "The sequential subset of Erlang supports eager evaluation, single assignment, and dynamic typing. The syntax {D1,D2,...,Dn} denotes a tuple whose arguments are D1, D2, ... Dn. Haskell features a type system with type inference and lazy evaluation. Ports are created with the built-in function open_port. Ports are used to communicate with the external world.",
        "price": "500.00",
        "booked": false
    }
},
{
    "model": "api.serviceprovider",
    "pk": 59,
    "fields": {
        "created": "2018-03-25T16:22:57.282Z",
        "modified": "2018-03-25T16:22:57.282Z",
        "status": 1,
        "activate_date": "2018-03-25T16:22:57.281Z",
        "deactivate_date": null,
        "user": [
            "drumlin2062@outlook.com"
        ],
        "service": 20,
        "heading": "Let them eat cake.",
        "slug": "let-them-eat-cake-5",
        "description": "He looked inquisitively at his keyboard and wrote another sentence. The Galactic Empire is nearing completion of the Death Star, a space station with the power to destroy entire planets. They are written as strings of consecutive alphanumeric characters, the first character being lowercase. In 1989 the building was heavily damaged by fire, but it has since been restored. Initially composing light-hearted and irreverent works, he also wrote serious, sombre and religious pieces beginning in the 1930s.",
        "price": "500.00",
        "booked": false
    }
},
{
    "model": "api.serviceprovider",
    "pk": 60,
    "fields": {
        "created": "2018-03-25T16:22:57.319Z",
        "modified": "2018-03-25T16:22:57.319Z",
        "status": 1,
        "activate_date": "2018-03-25T16:22:57.319Z",
        "deactivate_date": null,
        "user": [
            "lymph1891@live.com"
        ],
        "service": 8,
        "heading": "Ask not what your country can do for you; ask what you can do for your country.",
        "slug": "ask-not-what-your-country-can-do-for-you-ask-what-you-can-do-for-you-4",
        "description": "I don't even care. Atoms are used within a program to denote distinguished values. Tuples are containers for a fixed number of Erlang data types. Where are my pants? Do you have any idea why this is not working?",
        "price": "500.00",
        "booked": false
    }
},
{
    "model": "api.serviceprovider",
    "pk": 61,
    "fields": {
        "created": "2018-03-25T16:22:57.367Z",
        "modified": "2018-03-25T16:22:57.367Z",
        "status": 1,
        "activate_date": "2018-03-25T16:22:57.366Z",
        "deactivate_date": null,
        "user": [
            "reindeer1855@outlook.com"
        ],
        "service": 10,
        "heading": "Those who refuse to learn from history are condemned to repeat it.",
        "slug": "those-who-refuse-to-learn-from-history-are-condemned-to-repeat-it-6",
        "description": "Ports are used to communicate with the external world. Ports are used to communicate with the external world. Haskell is a standardized, general-purpose purely functional programming language, with non-strict semantics and strong static typing. The arguments can be primitive data types or compound data types. The arguments can be primitive data types or compound data types.",
        "price": "500.00",
        "booked": false
    }
},
{
    "model": "api.serviceprovider",
    "pk": 62,
    "fields": {
        "created": "2018-03-25T16:22:57.407Z",
        "modified": "2018-03-25T16:22:57.407Z",
        "status": 1,
        "activate_date": "2018-03-25T16:22:57.407Z",
        "deactivate_date": null,
        "user": [
            "erastus1817@outlook.com"
        ],
        "service": 7,
        "heading": "The only thing we have to fear is fear itself.",
        "slug": "the-only-thing-we-have-to-fear-is-fear-itself-4",
        "description": "She spent her earliest years reading classic literature, and writing poetry. Its main implementation is the Glasgow Haskell Compiler. Initially composing light-hearted and irreverent works, he also wrote serious, sombre and religious pieces beginning in the 1930s. The sequential subset of Erlang supports eager evaluation, single assignment, and dynamic typing. The syntax {D1,D2,...,Dn} denotes a tuple whose arguments are D1, D2, ... Dn.",
        "price": "500.00",
        "booked": false
    }
},
{
    "model": "api.serviceprovider",
    "pk": 63,
    "fields": {
        "created": "2018-03-25T16:22:57.451Z",
        "modified": "2018-03-25T16:22:57.451Z",
        "status": 1,
        "activate_date": "2018-03-25T16:22:57.451Z",
        "deactivate_date": null,
        "user": [
            "crustacean2061@live.com"
        ],
        "service": 29,
        "heading": "The only thing we have to fear is fear itself.",
        "slug": "the-only-thing-we-have-to-fear-is-fear-itself-5",
        "description": "Haskell features a type system with type inference and lazy evaluation. Tuples are containers for a fixed number of Erlang data types. Messages can be sent to and received from ports, but these messages must obey the so-called \"port protocol.\" Its main implementation is the Glasgow Haskell Compiler. Haskell features a type system with type inference and lazy evaluation.",
        "price": "500.00",
        "booked": false
    }
},
{
    "model": "api.serviceprovider",
    "pk": 64,
    "fields": {
        "created": "2018-03-25T16:22:57.496Z",
        "modified": "2018-03-25T16:22:57.496Z",
        "status": 1,
        "activate_date": "2018-03-25T16:22:57.496Z",
        "deactivate_date": null,
        "user": [
            "chakras1934@outlook.com"
        ],
        "service": 14,
        "heading": "Houston, we have a problem.",
        "slug": "houston-we-have-a-problem-3",
        "description": "Haskell features a type system with type inference and lazy evaluation. It is also a garbage-collected runtime system. Where are my pants? Any element of a tuple can be accessed in constant time. Ports are used to communicate with the external world.",
        "price": "500.00",
        "booked": false
    }
},
{
    "model": "api.serviceprovider",
    "pk": 65,
    "fields": {
        "created": "2018-03-25T16:22:57.539Z",
        "modified": "2018-03-25T16:22:57.539Z",
        "status": 1,
        "activate_date": "2018-03-25T16:22:57.539Z",
        "deactivate_date": null,
        "user": [
            "weasel1859@gmail.com"
        ],
        "service": 2,
        "heading": "Mama always said life was like a box of chocolates. You never know what you're gonna get.",
        "slug": "mama-always-said-life-was-like-a-box-of-chocolates-you-never-know-wh-4",
        "description": "He looked inquisitively at his keyboard and wrote another sentence. Type classes first appeared in the Haskell programming language. Messages can be sent to and received from ports, but these messages must obey the so-called \"port protocol.\" The syntax {D1,D2,...,Dn} denotes a tuple whose arguments are D1, D2, ... Dn. Erlang is a general-purpose, concurrent, functional programming language.",
        "price": "500.00",
        "booked": false
    }
},
{
    "model": "api.serviceprovider",
    "pk": 66,
    "fields": {
        "created": "2018-03-25T16:22:57.569Z",
        "modified": "2018-03-25T16:22:57.569Z",
        "status": 1,
        "activate_date": "2018-03-25T16:22:57.569Z",
        "deactivate_date": null,
        "user": [
            "lymph1891@live.com"
        ],
        "service": 24,
        "heading": "Here's looking at you, kid.",
        "slug": "heres-looking-at-you-kid-5",
        "description": "It is also a garbage-collected runtime system. The syntax {D1,D2,...,Dn} denotes a tuple whose arguments are D1, D2, ... Dn. The sequential subset of Erlang supports eager evaluation, single assignment, and dynamic typing. Atoms can contain any character if they are enclosed within single quotes and an escape convention exists which allows any character to be used within an atom. Ports are created with the built-in function open_port.",
        "price": "500.00",
        "booked": false
    }
},
{
    "model": "api.serviceprovider",
    "pk": 67,
    "fields": {
        "created": "2018-03-25T16:22:57.613Z",
        "modified": "2018-03-25T16:22:57.613Z",
        "status": 1,
        "activate_date": "2018-03-25T16:22:57.613Z",
        "deactivate_date": null,
        "user": [
            "tetra2037@gmail.com"
        ],
        "service": 26,
        "heading": "Frankly, my dear, I don't give a damn.",
        "slug": "frankly-my-dear-i-dont-give-a-damn-7",
        "description": "Initially composing light-hearted and irreverent works, he also wrote serious, sombre and religious pieces beginning in the 1930s. Where are my pants? Atoms can contain any character if they are enclosed within single quotes and an escape convention exists which allows any character to be used within an atom. Haskell is a standardized, general-purpose purely functional programming language, with non-strict semantics and strong static typing. Haskell is a standardized, general-purpose purely functional programming language, with non-strict semantics and strong static typing.",
        "price": "500.00",
        "booked": false
    }
},
{
    "model": "api.serviceprovider",
    "pk": 68,
    "fields": {
        "created": "2018-03-25T16:22:57.652Z",
        "modified": "2018-03-25T16:22:57.652Z",
        "status": 1,
        "activate_date": "2018-03-25T16:22:57.652Z",
        "deactivate_date": null,
        "user": [
            "zapateo1944@yandex.com"
        ],
        "service": 26,
        "heading": "Let them eat cake.",
        "slug": "let-them-eat-cake-6",
        "description": "Haskell features a type system with type inference and lazy evaluation. Ports are created with the built-in function open_port. She spent her earliest years reading classic literature, and writing poetry. Initially composing light-hearted and irreverent works, he also wrote serious, sombre and religious pieces beginning in the 1930s. The Galactic Empire is nearing completion of the Death Star, a space station with the power to destroy entire planets.",
        "price": "500.00",
        "booked": false
    }
},
{
    "model": "api.serviceprovider",
    "pk": 69,
    "fields": {
        "created": "2018-03-25T16:22:57.701Z",
        "modified": "2018-03-25T16:22:57.701Z",
        "status": 1,
        "activate_date": "2018-03-25T16:22:57.701Z",
        "deactivate_date": null,
        "user": [
            "dorelia1824@yahoo.com"
        ],
        "service": 20,
        "heading": "Frankly, my dear, I don't give a damn.",
        "slug": "frankly-my-dear-i-dont-give-a-damn-8",
        "description": "Ports are used to communicate with the external world. Do you come here often? Atoms can contain any character if they are enclosed within single quotes and an escape convention exists which allows any character to be used within an atom. Haskell is a standardized, general-purpose purely functional programming language, with non-strict semantics and strong static typing. The arguments can be primitive data types or compound data types.",
        "price": "500.00",
        "booked": false
    }
},
{
    "model": "api.serviceprovider",
    "pk": 70,
    "fields": {
        "created": "2018-03-25T16:22:57.741Z",
        "modified": "2018-03-25T16:22:57.741Z",
        "status": 1,
        "activate_date": "2018-03-25T16:22:57.741Z",
        "deactivate_date": null,
        "user": [
            "erastus1817@outlook.com"
        ],
        "service": 19,
        "heading": "Mr. Gorbachev, open this gate! Mr. Gorbachev, tear down this wall!",
        "slug": "mr-gorbachev-open-this-gate-mr-gorbachev-tear-down-this-wall-2",
        "description": "Haskell is a standardized, general-purpose purely functional programming language, with non-strict semantics and strong static typing. It is also a garbage-collected runtime system. Tuples are containers for a fixed number of Erlang data types. The sequential subset of Erlang supports eager evaluation, single assignment, and dynamic typing. Atoms can contain any character if they are enclosed within single quotes and an escape convention exists which allows any character to be used within an atom.",
        "price": "500.00",
        "booked": false
    }
},
{
    "model": "api.serviceprovider",
    "pk": 71,
    "fields": {
        "created": "2018-03-25T16:22:57.775Z",
        "modified": "2018-03-25T16:22:57.775Z",
        "status": 1,
        "activate_date": "2018-03-25T16:22:57.774Z",
        "deactivate_date": null,
        "user": [
            "zapateo1944@yandex.com"
        ],
        "service": 8,
        "heading": "Here's looking at you, kid.",
        "slug": "heres-looking-at-you-kid-6",
        "description": "The sequential subset of Erlang supports eager evaluation, single assignment, and dynamic typing. Erlang is known for its designs that are well suited for systems. Do you have any idea why this is not working? Atoms can contain any character if they are enclosed within single quotes and an escape convention exists which allows any character to be used within an atom. The syntax {D1,D2,...,Dn} denotes a tuple whose arguments are D1, D2, ... Dn.",
        "price": "500.00",
        "booked": false
    }
},
{
    "model": "api.serviceprovider",
    "pk": 72,
    "fields": {
        "created": "2018-03-25T16:22:57.804Z",
        "modified": "2018-03-25T16:22:57.804Z",
        "status": 1,
        "activate_date": "2018-03-25T16:22:57.803Z",
        "deactivate_date": null,
        "user": [
            "birretta1918@live.com"
        ],
        "service": 4,
        "heading": "Elementary, my dear Watson.",
        "slug": "elementary-my-dear-watson-5",
        "description": "Tuples are containers for a fixed number of Erlang data types. Haskell features a type system with type inference and lazy evaluation. The arguments can be primitive data types or compound data types. Erlang is a general-purpose, concurrent, functional programming language. Its main implementation is the Glasgow Haskell Compiler.",
        "price": "500.00",
        "booked": false
    }
},
{
    "model": "api.serviceprovider",
    "pk": 73,
    "fields": {
        "created": "2018-03-25T16:22:57.832Z",
        "modified": "2018-03-25T16:22:57.832Z",
        "status": 1,
        "activate_date": "2018-03-25T16:22:57.832Z",
        "deactivate_date": null,
        "user": [
            "birretta1918@live.com"
        ],
        "service": 9,
        "heading": "A census taker once tried to test me. I ate his liver with some fava beans and a nice Chianti.",
        "slug": "a-census-taker-once-tried-to-test-me-i-ate-his-liver-with-some-fava-4",
        "description": "Make me a sandwich. Do you have any idea why this is not working? Messages can be sent to and received from ports, but these messages must obey the so-called \"port protocol.\" Erlang is a general-purpose, concurrent, functional programming language. It is also a garbage-collected runtime system.",
        "price": "500.00",
        "booked": false
    }
},
{
    "model": "api.serviceprovider",
    "pk": 74,
    "fields": {
        "created": "2018-03-25T16:22:57.881Z",
        "modified": "2018-03-25T16:22:57.881Z",
        "status": 1,
        "activate_date": "2018-03-25T16:22:57.880Z",
        "deactivate_date": null,
        "user": [
            "crustacean2061@live.com"
        ],
        "service": 14,
        "heading": "Houston, we have a problem.",
        "slug": "houston-we-have-a-problem-4",
        "description": "Haskell is a standardized, general-purpose purely functional programming language, with non-strict semantics and strong static typing. Ports are used to communicate with the external world. Erlang is a general-purpose, concurrent, functional programming language. Do you have any idea why this is not working? In 1989 the building was heavily damaged by fire, but it has since been restored.",
        "price": "500.00",
        "booked": false
    }
},
{
    "model": "api.serviceprovider",
    "pk": 75,
    "fields": {
        "created": "2018-03-25T16:22:57.931Z",
        "modified": "2018-03-25T16:22:57.931Z",
        "status": 1,
        "activate_date": "2018-03-25T16:22:57.930Z",
        "deactivate_date": null,
        "user": [
            "weasel1859@gmail.com"
        ],
        "service": 3,
        "heading": "Here's looking at you, kid.",
        "slug": "heres-looking-at-you-kid-7",
        "description": "Atoms are used within a program to denote distinguished values. Ports are used to communicate with the external world. Atoms can contain any character if they are enclosed within single quotes and an escape convention exists which allows any character to be used within an atom. Atoms can contain any character if they are enclosed within single quotes and an escape convention exists which allows any character to be used within an atom. Where are my pants?",
        "price": "500.00",
        "booked": false
    }
},
{
    "model": "api.serviceprovider",
    "pk": 76,
    "fields": {
        "created": "2018-03-25T16:22:57.975Z",
        "modified": "2018-03-25T16:22:57.975Z",
        "status": 1,
        "activate_date": "2018-03-25T16:22:57.975Z",
        "deactivate_date": null,
        "user": [
            "erastus1817@outlook.com"
        ],
        "service": 23,
        "heading": "A census taker once tried to test me. I ate his liver with some fava beans and a nice Chianti.",
        "slug": "a-census-taker-once-tried-to-test-me-i-ate-his-liver-with-some-fava-5",
        "description": "Type classes first appeared in the Haskell programming language. Any element of a tuple can be accessed in constant time. Ports are created with the built-in function open_port. Where are my pants? They are written as strings of consecutive alphanumeric characters, the first character being lowercase.",
        "price": "500.00",
        "booked": false
    }
},
{
    "model": "api.serviceprovider",
    "pk": 77,
    "fields": {
        "created": "2018-03-25T16:22:58.027Z",
        "modified": "2018-03-25T16:22:58.027Z",
        "status": 1,
        "activate_date": "2018-03-25T16:22:58.027Z",
        "deactivate_date": null,
        "user": [
            "drumlin2062@outlook.com"
        ],
        "service": 5,
        "heading": "You've got to ask yourself one question: \"Do I feel lucky?\" Well, do ya? Punk!",
        "slug": "youve-got-to-ask-yourself-one-question-do-i-feel-lucky-well-do-ya-pu-6",
        "description": "Do you come here often? Do you have any idea why this is not working? Type classes first appeared in the Haskell programming language. Where are my pants? The Galactic Empire is nearing completion of the Death Star, a space station with the power to destroy entire planets.",
        "price": "500.00",
        "booked": false
    }
},
{
    "model": "api.serviceprovider",
    "pk": 78,
    "fields": {
        "created": "2018-03-25T16:22:58.072Z",
        "modified": "2018-03-25T16:22:58.072Z",
        "status": 1,
        "activate_date": "2018-03-25T16:22:58.072Z",
        "deactivate_date": null,
        "user": [
            "weasel1859@gmail.com"
        ],
        "service": 6,
        "heading": "Mama always said life was like a box of chocolates. You never know what you're gonna get.",
        "slug": "mama-always-said-life-was-like-a-box-of-chocolates-you-never-know-wh-5",
        "description": "Erlang is known for its designs that are well suited for systems. Tuples are containers for a fixed number of Erlang data types. Its main implementation is the Glasgow Haskell Compiler. The syntax {D1,D2,...,Dn} denotes a tuple whose arguments are D1, D2, ... Dn. I don't even care.",
        "price": "500.00",
        "booked": false
    }
},
{
    "model": "api.serviceprovider",
    "pk": 79,
    "fields": {
        "created": "2018-03-25T16:22:58.112Z",
        "modified": "2018-03-25T16:22:58.112Z",
        "status": 1,
        "activate_date": "2018-03-25T16:22:58.112Z",
        "deactivate_date": null,
        "user": [
            "zapateo1944@yandex.com"
        ],
        "service": 19,
        "heading": "I'm gonna make him an offer he can't refuse.",
        "slug": "im-gonna-make-him-an-offer-he-cant-refuse-3",
        "description": "Erlang is a general-purpose, concurrent, functional programming language. Atoms can contain any character if they are enclosed within single quotes and an escape convention exists which allows any character to be used within an atom. Erlang is a general-purpose, concurrent, functional programming language. Tuples are containers for a fixed number of Erlang data types. Tuples are containers for a fixed number of Erlang data types.",
        "price": "500.00",
        "booked": false
    }
},
{
    "model": "api.serviceprovider",
    "pk": 80,
    "fields": {
        "created": "2018-03-25T16:22:58.158Z",
        "modified": "2018-03-25T16:22:58.158Z",
        "status": 1,
        "activate_date": "2018-03-25T16:22:58.157Z",
        "deactivate_date": null,
        "user": [
            "drumlin2062@outlook.com"
        ],
        "service": 30,
        "heading": "Those who refuse to learn from history are condemned to repeat it.",
        "slug": "those-who-refuse-to-learn-from-history-are-condemned-to-repeat-it-7",
        "description": "Erlang is a general-purpose, concurrent, functional programming language. I don't even care. He looked inquisitively at his keyboard and wrote another sentence. Erlang is known for its designs that are well suited for systems. The sequential subset of Erlang supports eager evaluation, single assignment, and dynamic typing.",
        "price": "500.00",
        "booked": false
    }
},
{
    "model": "api.serviceprovider",
    "pk": 81,
    "fields": {
        "created": "2018-03-25T16:22:58.190Z",
        "modified": "2018-03-25T16:22:58.190Z",
        "status": 1,
        "activate_date": "2018-03-25T16:22:58.190Z",
        "deactivate_date": null,
        "user": [
            "dorelia1824@yahoo.com"
        ],
        "service": 29,
        "heading": "Frankly, my dear, I don't give a damn.",
        "slug": "frankly-my-dear-i-dont-give-a-damn-9",
        "description": "In 1989 the building was heavily damaged by fire, but it has since been restored. The syntax {D1,D2,...,Dn} denotes a tuple whose arguments are D1, D2, ... Dn. Its main implementation is the Glasgow Haskell Compiler. Ports are created with the built-in function open_port. Type classes first appeared in the Haskell programming language.",
        "price": "500.00",
        "booked": false
    }
},
{
    "model": "api.serviceprovider",
    "pk": 82,
    "fields": {
        "created": "2018-03-25T16:22:58.237Z",
        "modified": "2018-03-25T16:22:58.237Z",
        "status": 1,
        "activate_date": "2018-03-25T16:22:58.237Z",
        "deactivate_date": null,
        "user": [
            "reindeer1855@outlook.com"
        ],
        "service": 15,
        "heading": "Frankly, my dear, I don't give a damn.",
        "slug": "frankly-my-dear-i-dont-give-a-damn-10",
        "description": "Type classes first appeared in the Haskell programming language. Type classes first appeared in the Haskell programming language. Atoms are used within a program to denote distinguished values. Ports are used to communicate with the external world. Erlang is known for its designs that are well suited for systems.",
        "price": "500.00",
        "booked": false
    }
},
{
    "model": "api.serviceprovider",
    "pk": 83,
    "fields": {
        "created": "2018-03-25T16:22:58.267Z",
        "modified": "2018-03-25T16:22:58.267Z",
        "status": 1,
        "activate_date": "2018-03-25T16:22:58.267Z",
        "deactivate_date": null,
        "user": [
            "crustacean2061@live.com"
        ],
        "service": 30,
        "heading": "The only thing we have to fear is fear itself.",
        "slug": "the-only-thing-we-have-to-fear-is-fear-itself-6",
        "description": "In 1989 the building was heavily damaged by fire, but it has since been restored. The sequential subset of Erlang supports eager evaluation, single assignment, and dynamic typing. Any element of a tuple can be accessed in constant time. The sequential subset of Erlang supports eager evaluation, single assignment, and dynamic typing. She spent her earliest years reading classic literature, and writing poetry.",
        "price": "500.00",
        "booked": false
    }
},
{
    "model": "api.serviceprovider",
    "pk": 84,
    "fields": {
        "created": "2018-03-25T16:22:58.296Z",
        "modified": "2018-03-25T16:22:58.296Z",
        "status": 1,
        "activate_date": "2018-03-25T16:22:58.296Z",
        "deactivate_date": null,
        "user": [
            "reindeer1855@outlook.com"
        ],
        "service": 13,
        "heading": "Mr. Gorbachev, open this gate! Mr. Gorbachev, tear down this wall!",
        "slug": "mr-gorbachev-open-this-gate-mr-gorbachev-tear-down-this-wall-3",
        "description": "She spent her earliest years reading classic literature, and writing poetry. Type classes first appeared in the Haskell programming language. Erlang is known for its designs that are well suited for systems. Erlang is a general-purpose, concurrent, functional programming language. Erlang is a general-purpose, concurrent, functional programming language.",
        "price": "500.00",
        "booked": false
    }
},
{
    "model": "api.serviceprovider",
    "pk": 85,
    "fields": {
        "created": "2018-03-25T16:22:58.337Z",
        "modified": "2018-03-25T16:22:58.337Z",
        "status": 1,
        "activate_date": "2018-03-25T16:22:58.337Z",
        "deactivate_date": null,
        "user": [
            "zapateo1944@yandex.com"
        ],
        "service": 14,
        "heading": "Houston, we have a problem.",
        "slug": "houston-we-have-a-problem-5",
        "description": "Haskell is a standardized, general-purpose purely functional programming language, with non-strict semantics and strong static typing. The arguments can be primitive data types or compound data types. Haskell is a standardized, general-purpose purely functional programming language, with non-strict semantics and strong static typing. They are written as strings of consecutive alphanumeric characters, the first character being lowercase. They are written as strings of consecutive alphanumeric characters, the first character being lowercase.",
        "price": "500.00",
        "booked": false
    }
},
{
    "model": "api.serviceprovider",
    "pk": 86,
    "fields": {
        "created": "2018-03-25T16:22:58.385Z",
        "modified": "2018-03-25T16:22:58.385Z",
        "status": 1,
        "activate_date": "2018-03-25T16:22:58.384Z",
        "deactivate_date": null,
        "user": [
            "birretta1918@live.com"
        ],
        "service": 22,
        "heading": "Houston, we have a problem.",
        "slug": "houston-we-have-a-problem-6",
        "description": "Haskell is a standardized, general-purpose purely functional programming language, with non-strict semantics and strong static typing. Do you come here often? Type classes first appeared in the Haskell programming language. Tuples are containers for a fixed number of Erlang data types. Make me a sandwich.",
        "price": "500.00",
        "booked": false
    }
},
{
    "model": "api.serviceprovider",
    "pk": 87,
    "fields": {
        "created": "2018-03-25T16:22:58.419Z",
        "modified": "2018-03-25T16:22:58.419Z",
        "status": 1,
        "activate_date": "2018-03-25T16:22:58.419Z",
        "deactivate_date": null,
        "user": [
            "chakras1934@outlook.com"
        ],
        "service": 8,
        "heading": "Ask not what your country can do for you; ask what you can do for your country.",
        "slug": "ask-not-what-your-country-can-do-for-you-ask-what-you-can-do-for-you-5",
        "description": "I don't even care. Do you come here often? Erlang is a general-purpose, concurrent, functional programming language. Messages can be sent to and received from ports, but these messages must obey the so-called \"port protocol.\" The Galactic Empire is nearing completion of the Death Star, a space station with the power to destroy entire planets.",
        "price": "500.00",
        "booked": false
    }
},
{
    "model": "api.serviceprovider",
    "pk": 88,
    "fields": {
        "created": "2018-03-25T16:22:58.475Z",
        "modified": "2018-03-25T16:22:58.475Z",
        "status": 1,
        "activate_date": "2018-03-25T16:22:58.474Z",
        "deactivate_date": null,
        "user": [
            "dorelia1824@yahoo.com"
        ],
        "service": 7,
        "heading": "Mr. Gorbachev, open this gate! Mr. Gorbachev, tear down this wall!",
        "slug": "mr-gorbachev-open-this-gate-mr-gorbachev-tear-down-this-wall-4",
        "description": "Where are my pants? The Galactic Empire is nearing completion of the Death Star, a space station with the power to destroy entire planets. In 1989 the building was heavily damaged by fire, but it has since been restored. Type classes first appeared in the Haskell programming language. The sequential subset of Erlang supports eager evaluation, single assignment, and dynamic typing.",
        "price": "500.00",
        "booked": false
    }
},
{
    "model": "api.serviceprovider",
    "pk": 89,
    "fields": {
        "created": "2018-03-25T16:22:58.517Z",
        "modified": "2018-03-25T16:22:58.517Z",
        "status": 1,
        "activate_date": "2018-03-25T16:22:58.517Z",
        "deactivate_date": null,
        "user": [
            "chakras1934@outlook.com"
        ],
        "service": 11,
        "heading": "Mr. Gorbachev, open this gate! Mr. Gorbachev, tear down this wall!",
        "slug": "mr-gorbachev-open-this-gate-mr-gorbachev-tear-down-this-wall-5",
        "description": "It is also a garbage-collected runtime system. Make me a sandwich. He looked inquisitively at his keyboard and wrote another sentence. I don't even care. Any element of a tuple can be accessed in constant time.",
        "price": "500.00",
        "booked": false
    }
},
{
    "model": "api.serviceprovider",
    "pk": 90,
    "fields": {
        "created": "2018-03-25T16:22:58.571Z",
        "modified": "2018-03-25T16:22:58.571Z",
        "status": 1,
        "activate_date": "2018-03-25T16:22:58.571Z",
        "deactivate_date": null,
        "user": [
            "reindeer1855@outlook.com"
        ],
        "service": 14,
        "heading": "Here's looking at you, kid.",
        "slug": "heres-looking-at-you-kid-8",
        "description": "Its main implementation is the Glasgow Haskell Compiler. Do you come here often? The syntax {D1,D2,...,Dn} denotes a tuple whose arguments are D1, D2, ... Dn. The syntax {D1,D2,...,Dn} denotes a tuple whose arguments are D1, D2, ... Dn. Erlang is a general-purpose, concurrent, functional programming language.",
        "price": "500.00",
        "booked": false
    }
},
{
    "model": "api.serviceprovider",
    "pk": 91,
    "fields": {
        "created": "2018-03-25T16:22:58.613Z",
        "modified": "2018-03-25T16:22:58.613Z",
        "status": 1,
        "activate_date": "2018-03-25T16:22:58.613Z",
        "deactivate_date": null,
        "user": [
            "enshroud2054@gmail.com"
        ],
        "service": 24,
        "heading": "Ask not what your country can do for you; ask what you can do for your country.",
        "slug": "ask-not-what-your-country-can-do-for-you-ask-what-you-can-do-for-you-6",
        "description": "Make me a sandwich. Erlang is a general-purpose, concurrent, functional programming language. Messages can be sent to and received from ports, but these messages must obey the so-called \"port protocol.\" Ports are used to communicate with the external world. The arguments can be primitive data types or compound data types.",
        "price": "500.00",
        "booked": false
    }
},
{
    "model": "api.serviceprovider",
    "pk": 92,
    "fields": {
        "created": "2018-03-25T16:22:58.651Z",
        "modified": "2018-03-25T16:22:58.651Z",
        "status": 1,
        "activate_date": "2018-03-25T16:22:58.651Z",
        "deactivate_date": null,
        "user": [
            "dorelia1824@yahoo.com"
        ],
        "service": 8,
        "heading": "You've got to ask yourself one question: \"Do I feel lucky?\" Well, do ya? Punk!",
        "slug": "youve-got-to-ask-yourself-one-question-do-i-feel-lucky-well-do-ya-pu-7",
        "description": "Do you have any idea why this is not working? Where are my pants? Ports are used to communicate with the external world. It is also a garbage-collected runtime system. The sequential subset of Erlang supports eager evaluation, single assignment, and dynamic typing.",
        "price": "500.00",
        "booked": false
    }
},
{
    "model": "api.serviceprovider",
    "pk": 93,
    "fields": {
        "created": "2018-03-25T16:22:58.695Z",
        "modified": "2018-03-25T16:22:58.695Z",
        "status": 1,
        "activate_date": "2018-03-25T16:22:58.695Z",
        "deactivate_date": null,
        "user": [
            "stingray1803@live.com"
        ],
        "service": 22,
        "heading": "Frankly, my dear, I don't give a damn.",
        "slug": "frankly-my-dear-i-dont-give-a-damn-11",
        "description": "Haskell features a type system with type inference and lazy evaluation. Atoms can contain any character if they are enclosed within single quotes and an escape convention exists which allows any character to be used within an atom. They are written as strings of consecutive alphanumeric characters, the first character being lowercase. Where are my pants? Make me a sandwich.",
        "price": "500.00",
        "booked": false
    }
},
{
    "model": "api.booking",
    "pk": 1,
    "fields": {
        "created": "2018-04-24T14:43:45.188Z",
        "modified": "2018-04-24T14:43:45.188Z",
        "provider": null,
        "service": 5,
        "customer": [
            "daviduchenna@outlook.com"
        ],
        "status": 4,
        "start": "2018-03-24T02:41:00Z",
        "price": "500.00",
        "service_extras": []
    }
},
{
    "model": "api.booking",
    "pk": 2,
    "fields": {
        "created": "2018-04-24T14:44:13.304Z",
        "modified": "2018-04-24T14:44:13.305Z",
        "provider": null,
        "service": 5,
        "customer": [
            "daviduchenna@outlook.com"
        ],
        "status": 4,
        "start": "2018-03-24T02:41:00Z",
        "price": "500.00",
        "service_extras": []
    }
},
{
    "model": "api.booking",
    "pk": 3,
    "fields": {
        "created": "2018-04-25T17:09:51.005Z",
        "modified": "2018-04-25T17:09:51.006Z",
        "provider": null,
        "service": 5,
        "customer": [
            "daviduchenna@outlook.com"
        ],
        "status": 4,
        "start": "2018-03-25T05:09:00Z",
        "price": "500.00",
        "service_extras": []
    }
},
{
    "model": "api.booking",
    "pk": 4,
    "fields": {
        "created": "2018-04-25T17:10:10.140Z",
        "modified": "2018-04-25T17:10:10.140Z",
        "provider": null,
        "service": 5,
        "customer": [
            "daviduchenna@outlook.com"
        ],
        "status": 4,
        "start": "2018-03-25T05:09:00Z",
        "price": "500.00",
        "service_extras": []
    }
},
{
    "model": "api.booking",
    "pk": 5,
    "fields": {
        "created": "2018-04-25T17:10:33.954Z",
        "modified": "2018-04-25T17:10:33.954Z",
        "provider": null,
        "service": 5,
        "customer": [
            "daviduchenna@outlook.com"
        ],
        "status": 4,
        "start": "2018-03-25T05:09:00Z",
        "price": "500.00",
        "service_extras": []
    }
},
{
    "model": "api.booking",
    "pk": 6,
    "fields": {
        "created": "2018-04-25T17:10:54.529Z",
        "modified": "2018-04-25T17:10:54.529Z",
        "provider": null,
        "service": 5,
        "customer": [
            "daviduchenna@outlook.com"
        ],
        "status": 4,
        "start": "2018-03-25T05:09:00Z",
        "price": "500.00",
        "service_extras": []
    }
},
{
    "model": "api.booking",
    "pk": 7,
    "fields": {
        "created": "2018-04-25T17:10:59.681Z",
        "modified": "2018-04-25T17:10:59.681Z",
        "provider": null,
        "service": 5,
        "customer": [
            "daviduchenna@outlook.com"
        ],
        "status": 4,
        "start": "2018-03-25T05:09:00Z",
        "price": "500.00",
        "service_extras": []
    }
},
{
    "model": "api.booking",
    "pk": 8,
    "fields": {
        "created": "2018-04-25T17:11:54.813Z",
        "modified": "2018-04-25T17:11:54.813Z",
        "provider": null,
        "service": 5,
        "customer": [
            "daviduchenna@outlook.com"
        ],
        "status": 4,
        "start": "2018-03-25T05:09:00Z",
        "price": "500.00",
        "service_extras": []
    }
},
{
    "model": "api.booking",
    "pk": 9,
    "fields": {
        "created": "2018-04-25T17:13:13.158Z",
        "modified": "2018-04-25T17:13:13.158Z",
        "provider": null,
        "service": 5,
        "customer": [
            "daviduchenna@outlook.com"
        ],
        "status": 4,
        "start": "2018-03-25T05:09:00Z",
        "price": "500.00",
        "service_extras": []
    }
},
{
    "model": "api.booking",
    "pk": 10,
    "fields": {
        "created": "2018-04-25T17:15:22.011Z",
        "modified": "2018-04-25T17:15:22.011Z",
        "provider": null,
        "service": 5,
        "customer": [
            "daviduchenna@outlook.com"
        ],
        "status": 4,
        "start": "2018-03-25T05:15:00Z",
        "price": "500.00",
        "service_extras": []
    }
},
{
    "model": "api.booking",
    "pk": 11,
    "fields": {
        "created": "2018-04-25T17:35:32.478Z",
        "modified": "2018-04-25T17:35:32.478Z",
        "provider": null,
        "service": 5,
        "customer": [
            "daviduchenna@outlook.com"
        ],
        "status": 4,
        "start": "2018-03-25T05:34:00Z",
        "price": "500.00",
        "service_extras": []
    }
},
{
    "model": "api.booking",
    "pk": 12,
    "fields": {
        "created": "2018-04-26T22:40:00.224Z",
        "modified": "2018-04-26T22:40:00.227Z",
        "provider": null,
        "service": 5,
        "customer": [
            "daviduchenna@outlook.com"
        ],
        "status": 4,
        "start": "2018-03-26T10:39:00Z",
        "price": "500.00",
        "service_extras": []
    }
},
{
    "model": "api.booking",
    "pk": 13,
    "fields": {
        "created": "2018-04-29T16:03:53.046Z",
        "modified": "2018-04-29T16:03:53.046Z",
        "provider": null,
        "service": 9,
        "customer": [
            "daviduchenna@outlook.com"
        ],
        "status": 4,
        "start": "2018-03-29T04:03:00Z",
        "price": "500.00",
        "service_extras": []
    }
},
{
    "model": "api.booking",
    "pk": 14,
    "fields": {
        "created": "2018-04-29T17:34:50.595Z",
        "modified": "2018-04-29T17:34:50.595Z",
        "provider": null,
        "service": 11,
        "customer": [
            "daviduchenna@outlook.com"
        ],
        "status": 4,
        "start": "2018-03-27T05:34:00Z",
        "price": "500.00",
        "service_extras": []
    }
},
{
    "model": "api.booking",
    "pk": 15,
    "fields": {
        "created": "2018-04-29T18:27:20.063Z",
        "modified": "2018-04-29T18:27:20.063Z",
        "provider": null,
        "service": 23,
        "customer": [
            "a@b.com"
        ],
        "status": 4,
        "start": "2018-03-29T06:27:00Z",
        "price": "500.00",
        "service_extras": []
    }
},
{
    "model": "api.booking",
    "pk": 16,
    "fields": {
        "created": "2018-05-01T06:22:26.591Z",
        "modified": "2018-05-01T06:22:26.591Z",
        "provider": null,
        "service": 29,
        "customer": [
            "a@b.com"
        ],
        "status": 4,
        "start": "2018-04-02T09:20:00Z",
        "price": "500.00",
        "service_extras": []
    }
},
{
    "model": "api.booking",
    "pk": 17,
    "fields": {
        "created": "2018-05-01T10:38:45.752Z",
        "modified": "2018-05-01T10:38:45.752Z",
        "provider": null,
        "service": 16,
        "customer": [
            "a@b.com"
        ],
        "status": 4,
        "start": "2018-04-17T10:37:00Z",
        "price": "500.00",
        "service_extras": []
    }
},
{
    "model": "api.serviceextra",
    "pk": 1,
    "fields": {
        "name": "Cooking",
        "description": "This would cost an addital cooking something money",
        "unit": "-",
        "quantity": 1,
        "price": "400.00",
        "service": 5,
        "serviceprovider": null
    }
},
{
    "model": "api.serviceextra",
    "pk": 2,
    "fields": {
        "name": "Cleaning",
        "description": "This would cost another serice extra",
        "unit": "Buckets",
        "quantity": 1,
        "price": "200.00",
        "service": 5,
        "serviceprovider": null
    }
},
{
    "model": "api.session",
    "pk": 1,
    "fields": {
        "created": "2018-04-25T17:10:10.200Z",
        "modified": "2018-04-25T17:10:10.200Z",
        "start": "2018-03-25",
        "time": "06:09:00",
        "no_of_hours": 3,
        "status": 1,
        "booking": 4
    }
},
{
    "model": "api.session",
    "pk": 2,
    "fields": {
        "created": "2018-04-25T17:10:34.042Z",
        "modified": "2018-04-25T17:10:34.043Z",
        "start": "2018-03-25",
        "time": "06:09:00",
        "no_of_hours": 3,
        "status": 1,
        "booking": 5
    }
},
{
    "model": "api.session",
    "pk": 3,
    "fields": {
        "created": "2018-04-25T17:10:54.601Z",
        "modified": "2018-04-25T17:10:54.601Z",
        "start": "2018-03-25",
        "time": "06:09:00",
        "no_of_hours": 3,
        "status": 1,
        "booking": 6
    }
},
{
    "model": "api.session",
    "pk": 4,
    "fields": {
        "created": "2018-04-25T17:10:59.940Z",
        "modified": "2018-04-25T17:10:59.940Z",
        "start": "2018-03-25",
        "time": "06:09:00",
        "no_of_hours": 3,
        "status": 1,
        "booking": 7
    }
},
{
    "model": "api.session",
    "pk": 5,
    "fields": {
        "created": "2018-04-25T17:11:54.874Z",
        "modified": "2018-04-25T17:11:54.874Z",
        "start": "2018-03-25",
        "time": "06:09:00",
        "no_of_hours": 3,
        "status": 1,
        "booking": 8
    }
},
{
    "model": "api.session",
    "pk": 6,
    "fields": {
        "created": "2018-04-25T17:13:13.218Z",
        "modified": "2018-04-25T17:13:13.218Z",
        "start": "2018-03-25",
        "time": "06:09:00",
        "no_of_hours": 3,
        "status": 1,
        "booking": 9
    }
},
{
    "model": "api.session",
    "pk": 7,
    "fields": {
        "created": "2018-04-25T17:15:22.046Z",
        "modified": "2018-04-25T17:15:22.046Z",
        "start": "2018-03-25",
        "time": "06:15:00",
        "no_of_hours": 3,
        "status": 1,
        "booking": 10
    }
},
{
    "model": "api.session",
    "pk": 8,
    "fields": {
        "created": "2018-04-25T17:35:32.495Z",
        "modified": "2018-04-25T17:35:32.495Z",
        "start": "2018-03-25",
        "time": "06:34:00",
        "no_of_hours": 3,
        "status": 1,
        "booking": 11
    }
},
{
    "model": "api.session",
    "pk": 9,
    "fields": {
        "created": "2018-04-26T22:40:00.253Z",
        "modified": "2018-04-26T22:40:00.254Z",
        "start": "2018-03-26",
        "time": "11:39:00",
        "no_of_hours": 3,
        "status": 1,
        "booking": 12
    }
},
{
    "model": "api.session",
    "pk": 10,
    "fields": {
        "created": "2018-04-29T16:03:53.121Z",
        "modified": "2018-04-29T16:03:53.121Z",
        "start": "2018-03-29",
        "time": "05:03:00",
        "no_of_hours": 3,
        "status": 1,
        "booking": 13
    }
},
{
    "model": "api.session",
    "pk": 11,
    "fields": {
        "created": "2018-04-29T17:34:50.622Z",
        "modified": "2018-04-29T17:34:50.623Z",
        "start": "2018-03-27",
        "time": "06:34:00",
        "no_of_hours": 2,
        "status": 1,
        "booking": 14
    }
},
{
    "model": "api.session",
    "pk": 12,
    "fields": {
        "created": "2018-04-29T18:27:20.140Z",
        "modified": "2018-04-29T18:27:20.140Z",
        "start": "2018-03-29",
        "time": "07:27:00",
        "no_of_hours": 2,
        "status": 1,
        "booking": 15
    }
},
{
    "model": "api.session",
    "pk": 13,
    "fields": {
        "created": "2018-05-01T06:22:26.691Z",
        "modified": "2018-05-01T06:22:26.692Z",
        "start": "2018-04-02",
        "time": "10:20:00",
        "no_of_hours": 2,
        "status": 1,
        "booking": 16
    }
},
{
    "model": "api.session",
    "pk": 14,
    "fields": {
        "created": "2018-05-01T10:38:45.836Z",
        "modified": "2018-05-01T10:38:45.836Z",
        "start": "2018-04-17",
        "time": "11:37:00",
        "no_of_hours": 3,
        "status": 1,
        "booking": 17
    }
},
{
    "model": "api.session",
    "pk": 15,
    "fields": {
        "created": "2018-05-01T10:38:45.836Z",
        "modified": "2018-05-01T11:52:31.127Z",
        "start": "2018-04-17",
        "time": "02:37:00",
        "no_of_hours": 2,
        "status": 5,
        "booking": 17
    }
},
{
    "model": "api.session",
    "pk": 16,
    "fields": {
        "created": "2018-05-01T10:38:45.836Z",
        "modified": "2018-05-01T11:56:20.779Z",
        "start": "2018-04-25",
        "time": "02:37:00",
        "no_of_hours": 2,
        "status": 5,
        "booking": 17
    }
},
{
    "model": "admin.logentry",
    "pk": 1,
    "fields": {
        "action_time": "2018-03-25T15:03:46.291Z",
        "user": [
            "a@b.com"
        ],
        "content_type": [
            "api",
            "user"
        ],
        "object_id": "6",
        "object_repr": "danny@we.com",
        "action_flag": 1,
        "change_message": "[{\"added\": {}}]"
    }
},
{
    "model": "admin.logentry",
    "pk": 2,
    "fields": {
        "action_time": "2018-03-25T15:04:24.853Z",
        "user": [
            "a@b.com"
        ],
        "content_type": [
            "api",
            "user"
        ],
        "object_id": "7",
        "object_repr": "osolo@yahoo.com",
        "action_flag": 1,
        "change_message": "[{\"added\": {}}]"
    }
},
{
    "model": "admin.logentry",
    "pk": 3,
    "fields": {
        "action_time": "2018-04-03T16:14:37.587Z",
        "user": [
            "a@b.com"
        ],
        "content_type": [
            "api",
            "serviceextra"
        ],
        "object_id": "1",
        "object_repr": "ServiceExtras object (1)",
        "action_flag": 1,
        "change_message": "[{\"added\": {}}]"
    }
},
{
    "model": "admin.logentry",
    "pk": 4,
    "fields": {
        "action_time": "2018-04-03T16:15:07.626Z",
        "user": [
            "a@b.com"
        ],
        "content_type": [
            "api",
            "serviceextra"
        ],
        "object_id": "2",
        "object_repr": "ServiceExtras object (2)",
        "action_flag": 1,
        "change_message": "[{\"added\": {}}]"
    }
},
{
    "model": "admin.logentry",
    "pk": 5,
    "fields": {
        "action_time": "2018-04-09T11:46:41.857Z",
        "user": [
            "a@b.com"
        ],
        "content_type": [
            "api",
            "serviceextra"
        ],
        "object_id": "2",
        "object_repr": "Cleaning Extra of Welder",
        "action_flag": 2,
        "change_message": "[{\"changed\": {\"fields\": [\"unit\"]}}]"
    }
},
{
    "model": "admin.logentry",
    "pk": 6,
    "fields": {
        "action_time": "2018-04-14T10:34:34.960Z",
        "user": [
            "a@b.com"
        ],
        "content_type": [
            "api",
            "serviceextra"
        ],
        "object_id": "1",
        "object_repr": "Cooking Extra of Welder",
        "action_flag": 2,
        "change_message": "[{\"changed\": {\"fields\": [\"unit\"]}}]"
    }
}
]
